Label,median_income_2016,median_income_2017,median_income_2018,median_income_2019,median_income_2020,median_income_2021,median_income_2022,median_income_2023,median_income_2024,median_income_2025,median_income_2026
Abbotsford,56001,56242,59923,61918,66091,69104.79558473534,71219.79586417411,74636.64435575705,77788.07334458557,80427.68431082997,83781.3914297031
Airport West,54708,56619,58350,60992,62920,65268.16515429198,68154.90324979252,70695.85142606217,73394.21293402335,76451.21372296903,79397.00430118933
Albert Park,64048,62922,64900,65880,68836,71758.44946591949,73918.64087094413,77000.91953333712,80239.9215193323,83055.59258822395,86331.49522605157
Alexandra,38251,39811,41230,42447,44033,46010.90093327,47833.30633257318,49778.505143066635,51958.29132855124,54092.617841689855,56294.4473934731
Alfredton,49071,50119,52709,53765,55019,57905.793758062726,60042.53518717042,62020.6137577653,64882.95990329551,67482.62011698162,69928.86235494557
Alphington - Fairfield,55213,57219,59382,60697,65008,67579.33297298761,69419.98012946785,72976.708135427,75956.40927101328,78419.75512151586,81823.24499196457
Altona,55400,57728,60447,62653,66074,68789.92383712702,71206.65241409588,74378.81846583486,77370.47196302819,80191.86227481894,83461.57796561331
Altona Meadows,50837,51772,53679,55528,56995,59467.532952092275,61956.98289565161,64135.309475022026,66801.21154311852,69575.96525941213,72194.47441471068
Altona North,51895,52310,55363,58191,60533,63174.11746990376,65906.52224609908,68467.61813316029,71231.0396770594,74140.06788290801,77016.37298559275
Ararat,41875,42527,44838,47050,47544,49879.4867606502,52430.785989065225,53940.17361668559,56276.40749544827,58919.77296461538,61018.338325041484
Ararat Surrounds,34175,36900,38391,39989,42932,44601.89038056206,46212.99719763964,48708.56478786507,50710.854718935436,52608.86956398808,55040.041304334976
Ardeer - Albion,41290,41895,44515,45191,46348,49049.68460401675,50784.850453587474,52505.150270894104,55102.460002098334,57312.56689907077,59428.29755005826
Armadale,53435,53191,54967,56826,58437,60888.93886677616,63398.692171605515,65683.27627835538,68375.76688631644,71182.77361137167,73885.74537053163
Ascot Vale,55905,58148,60130,62723,65444,67870.44939238299,70617.61780576955,73537.45351379117,76345.5278657529,79343.14814722244,82511.23046708247
Ashburton (Vic.),58805,59707,61308,62848,66048,68554.67261706461,70805.45168263747,73959.8799170382,76904.78295957713,79660.0855230199,82926.0265487433
Ashwood - Chadstone,48923,49476,52292,52629,54295,57362.42232908536,59084.35791724386,61194.27774088126,64180.264027414465,66550.9942038731,69014.52872003982
Aspendale Gardens - Waterways,52189,51991,53428,55866,57285,59451.92642265189,62214.00675831446,64421.97492459024,66911.91047538948,69808.8429051002,72473.54522506436
Avoca,37313,38822,40975,43125,44071,46175.19578791982,48490.90868361142,50120.102006750756,52278.64992968231,54689.222469196604,56761.216566331954
Bacchus Marsh,50552,51849,54101,55561,57774,60391.126237908284,62558.97230656719,65042.66009147945,67831.27469292263,70428.58312926561,73184.04742902529
Bacchus Marsh Surrounds,48082,49920,52807,54021,56056,58934.209302904135,60967.3767014275,63282.34974398316,66163.47367895336,68681.76454286193,71301.30902123565
Bairnsdale,40393,40893,42283,43727,45759,47664.34186428372,49525.48823951251,51707.28922971906,53884.33152572374,56041.16063650767,58396.33729264595
Ballarat,43732,44933,46987,48655,50507,52793.56007744158,54908.968973139,57081.01857881476,59525.017378050885,61938.59302624502,64393.54393584005
Balwyn,48994,48860,48937,52536,55000,56137.63032836389,59092.3045289014,61807.923072950645,63703.94823214926,66515.14180074458,69413.627191562
Balwyn North,49313,49634,51600,53344,54991,57414.68765333642,59754.038557120606,61954.79205552812,64560.514908052886,67203.81576510309,69781.05969453388
Bannockburn,50012,51872,53768,55583,57901,60285.96999048764,62587.57195312631,65150.534892141615,67812.0076953478,70456.09423028462,73267.25589003207
Bayswater,47549,48207,50526,52224,52981,55604.83152155352,58061.02832319008,59806.819537975854,62446.5651047334,65168.99138043356,67486.81724960913
Bayswater North,49041,50015,51557,53000,55236,57503.439510698234,59607.9252168538,62093.9737338265,64665.50959488948,67158.47596133844,69869.56351994883
Beaufort,40432,40460,40902,44812,47106,48043.41180307714,50898.095775094764,53326.61644553887,54916.027954399724,57497.14510790322,60082.490869876936
Beaumaris,54393,56450,57967,59637,61959,64385.00502850855,66771.59604961766,69461.40551421331,72250.48988504862,75032.05824718875,77999.30763479398
Beechworth,43001,44422,44088,46663,48572,49673.2888128745,52169.78797798367,54512.49202452371,56308.04037993307,58798.737960713544,61359.298664235444
Belgrave - Selby,48948,51017,52647,54526,56705,58953.879503191376,61287.12845243877,63783.06955773626,66347.823929595,68982.87776457926,71743.22271883764
Belmont,44955,44745,47320,49317,51350,53747.36548544281,55955.01814578495,58188.854088674765,60680.236767794144,63145.93478892193,65646.65332852403
Benalla,41953,43283,44918,46481,48987,50997.09562400421,52883.785265800405,55328.192253746245,57627.134857988895,59841.15584872811,62387.96286782536
Benalla Surrounds,38471,39948,42640,44638,45930,48286.251795029566,50495.84475329088,52274.32614551152,54607.04432340161,56997.61939106904,59164.712044026375
Bendigo,44278,45130,47321,49197,51196,53482.736490519106,55661.41298259894,57904.82151244197,60351.509360483826,62799.003789982155,65305.00793723686
Bendigo Surrounds - North,43213,43785,46123,47963,50585,52822.25335420788,54812.558877091564,57294.810994908374,59714.89154929603,62013.592042023236,64607.99769379335
Bendigo Surrounds - South,47602,48339,49496,51118,53696,55671.85547442249,57732.49258437292,60358.48516507762,62752.19385038799,65151.523241055,67901.93891360151
Bentleigh - McKinnon,53311,54836,56810,58530,61592,64051.97289902908,66251.33265383623,69213.13371094459,72013.94179451189,74647.25392217317,77719.41364806835
Bentleigh East - North,53193,54640,56728,58864,61154,63646.92750222308,66176.88167614874,68795.84818401976,71559.68898048523,74391.1896869982,77308.86227813223
Bentleigh East - South,52499,54602,55420,58502,61424,63126.40819666751,65939.51140440362,68942.51484696352,71292.90605577972,74181.32769558654,77329.77954709475
Berwick - North,49492,50000,52000,53642,55888,58294.49200223314,60477.22395445186,62950.83670075758,65585.6494539736,68133.88598144898,70850.75103318412
Blackburn,50900,51682,53630,55446,57263,59717.382826391426,62116.907683212834,64447.19673779733,67118.23528639588,69831.6727896999,72522.69315426849
Blackburn South,50439,50225,51918,53881,53977,56435.17191028363,59210.97538484196,60750.36759635363,63311.30645909352,66245.92196438706,68515.22992792731
Boronia,48276,49494,51924,53838,55167,57770.38664180732,60239.66764558179,62276.0186499924,64949.9733277165,67686.77340037437,70189.69010231915
Box Hill,40295,38088,39422,41304,41617,43494.327817576304,45811.29066592259,47170.78541266783,49180.58664331715,51572.384380258074,53475.59057257533
Box Hill North,49047,49717,50802,52638,53954,56042.28811279372,58500.246305549415,60603.280471564234,63021.95272615745,65706.54715579838,68236.5486607792
Braeside,35890,36584,38000,45938,56388,55792.82323249589,58543.94675803017,64644.695991575485,65562.39454163484,67643.79466817481,72181.62398206716
Braybrook,41747,42781,44231,46621,48877,50640.74810801849,52918.28296713798,55277.87787609833,57397.22684713115,59794.50399289938,62327.5727269216
Bright - Mount Beauty,33931,35522,36510,38594,40068,41542.24779046269,43626.8358065908,45472.07037420783,47262.00087961059,49408.64599583741,51505.469514652264
Brighton (Vic.),56433,57592,58675,60679,63546,65704.02972895958,68160.0863456882,71157.46933161476,73845.59468148739,76645.45760393221,79805.91732445426
Brighton East,55742,56940,58771,61163,63226,65665.80556154798,68426.99353564941,71022.11326518285,73789.81323941302,76790.77577032367,79758.9839929484
Broadmeadows,37025,35159,37277,36787,37853,40380.13971060144,41428.62784732253,42928.8091286964,45330.0547501978,47026.513876197605,48821.978427141505
Brunswick East,52211,53914,56021,59086,62319,64485.386976098984,67193.27138476554,70251.88263144498,72837.78332447671,75693.71928310973,78860.8329718587
Brunswick West,50638,50544,53103,56501,57980,60329.848313668284,63433.5448130258,65610.18502214506,68126.80290233283,71196.33237537433,73866.67704819326
Bruthen - Omeo,38316,38471,40530,42840,45267,47121.902478306074,49188.41756912007,51486.20128980622,53567.54020143951,55772.943500978356,58178.53352819891
Bulleen,49160,48565,51143,53922,55575,57979.14090421584,60719.895632132604,62903.433633004206,65435.680291175406,68272.52414940664,70871.79516427338
Buloke,33757,34802,36871,39513,40570,42377.52939270067,44754.35394454442,46358.67808543592,48263.03314818654,50597.22755620423,52591.10737332682
Bundoora - East,45263,46698,48001,49783,51915,53905.678083015744,56074.12894030014,58458.04365004779,60797.70095140345,63237.031332801045,65838.65866791698
Bundoora - North,46798,46508,48615,50552,51641,54030.014698018625,56467.75495652828,58341.6218731203,60829.218668117195,63477.09810262613,65831.71705482248
Bundoora - West,43000,43862,46170,47972,48893,51317.43834471041,53647.17691938076,55366.13780692235,57811.49151980328,60358.47394065939,62571.214755471156
Buninyong,48431,50684,52500,53619,56302,58725.21777859525,60617.19923000807,63294.45084789283,65992.0290630685,68386.76330132622,71193.77610127829
Burnside,52586,53014,54627,55846,57257,59799.79312745324,62073.69206706713,64249.14615876275,67000.30626696398,69691.23875401457,72303.26569652761
Burnside Heights,50819,50975,52577,54878,56767,58942.469975990534,61515.007279924255,63896.30797850679,66393.80201247951,69157.43580464841,71880.24920865695
Burwood (Vic.),35686,34288,34306,35201,36830,38114.06216598307,39628.767913170996,41521.02121217536,43239.65535885418,45032.90768577025,47061.75373402409
Burwood East,44592,44563,45536,47299,48166,50092.27067265701,52450.818948922526,54230.46806469863,56436.422916762334,58964.74116509419,61214.195542790614
Cairnlea,47491,48151,49343,49868,51950,54229.21512798735,55918.14134590671,58274.58304547439,60840.0731818165,63078.834980291525,65636.43748471967
California Gully - Eaglehawk,41595,41932,44821,46800,48687,51131.22857908175,53269.977482296796,55353.15915636494,57800.85522966997,60184.04223271899,62547.68059286897
Camberwell,54900,55826,58989,60811,62488,65592.630327173,68143.29490876812,70447.71661244455,73535.38504031484,76477.46405862845,79254.77124879276
Campbellfield - Coolaroo,37200,37077,38078,38636,40159,42023.48655857416,43495.23686471607,45343.738960701616,47428.33125534823,49311.94644731233,51369.77316605282
Camperdown,40360,41849,42391,45375,48246,49412.5418068539,51794.9863136516,54477.68848219368,56275.40713413427,58635.98845609099,61334.089951515736
Carlton,30001,28320,30698,31642,33346,35349.79758840685,36660.27571925136,38321.05335471664,40276.52509622327,41914.25237517506,43709.86579892356
Carlton North - Princes Hill,52286,51913,54770,57314,58092,60875.56369428029,63800.51349898034,65648.16832235269,68419.06939460934,71480.12146764636,73976.06211672828
Carnegie,52739,52607,54347,55602,59030,61378.45206546464,63235.21006928087,66303.03832079077,69031.70880613945,71417.01354191871,74468.27768424162
Caroline Springs,53175,53754,55471,56933,58282,60846.35454352414,63259.2460489147,65428.13853921852,68194.48568349294,70978.23208841594,73616.02217208219
Carrum - Patterson Lakes,51756,53260,55267,57010,59641,62101.0430286969,64349.68712658505,67078.6116279125,69825.2473269749,72466.43765361444,75388.47365529524
Carrum Downs,48056,49143,50901,53100,54753,56974.88998988743,59493.68905575372,61712.7024154546,64187.283595524576,66897.75285385436,69494.50972892568
Castlemaine,41429,42212,44968,45429,48211,50846.14548739291,52161.07573917451,54605.245839976524,57254.03801049738,59193.832264458746,61668.396879364846
Castlemaine Surrounds,41857,43536,44961,46512,48189,50217.85342404075,52281.32396364633,54369.34419440696,56648.144515682456,58986.2761500289,61358.92710398748
Caulfield - North,47698,47883,48578,50060,52555,54368.61375806735,56376.53623585664,58973.10016133584,61275.8878712363,63624.3356210769,66340.46068466129
Caulfield - South,51193,52250,53993,55547,57372,59820.65152797286,62126.41852770223,64475.139928299985,67166.29629376906,69839.36456607311,72538.1894023467
Chelsea - Bonbeach,54399,55698,58507,59886,61441,64509.39464681688,66895.41776326948,69144.11418468883,72222.43429577706,75073.1129797188,77795.92871195864
Chelsea Heights,51335,51999,54068,55797,58002,60492.52970763511,62783.28575041996,65286.33546898621,68002.90364114521,70657.01246978069,73437.76920727929
Chiltern - Indigo Valley,47727,48773,51536,52926,53481,56393.69700678871,58774.09366270164,60408.33385835477,63211.10943327541,65937.44356743526,68199.3635270221
Chirnside Park,47482,50045,52059,54705,55833,58149.79237168635,60994.47915842398,63002.06197886123,65504.90755370007,68431.56496385558,70966.24003002714
Churchill,47840,47569,49279,52041,52700,54833.04215628202,57749.31367243079,59506.10613184162,61835.95892045766,64748.157297119054,67106.46796810313
Clarinda - Oakleigh South,46473,47658,49599,51549,53450,55720.23350294789,58032.78920582697,60308.896217237816,62795.77444274851,65364.83204067045,67945.75317694244
Clayton South,41622,41356,42028,43679,44515,46234.468670606206,48453.30224219869,50153.092047781734,52185.93682723515,54557.994252993805,56688.96519092325
Clifton Hill - Alphington,61150,62565,65657,69557,71972,74748.57490835563,78246.37782390308,81125.18430070806,84145.15817783622,87674.33194057224,90990.85231704888
Clifton Springs,43265,45067,47107,50183,51149,53223.29803491571,56128.077997164575,57956.82789853044,60202.630602647514,63046.64647726701,65402.49465984533
Cobram,40907,41165,41661,41771,42444,44442.4844305066,46032.762450025526,47607.53555047184,49831.29172087488,51893.10483143017,53880.33576232648
Coburg North,48843,50136,52700,55247,57802,60207.361790121955,62711.53190405136,65331.127547094555,67946.52549244527,70662.04565400723,73502.62524624376
Colac,42584,43579,45818,46816,48560,51032.24666134179,52839.637732369905,54896.30821247359,57426.5312777195,59669.481431865104,62004.57578553057
Colac Surrounds,39218,39786,42549,44188,45835,48253.712157034926,50230.60751344378,52148.10639177038,54538.36158613503,56797.17227469344,59012.777257007925
Collingwood,52434,52814,57931,61347,64610,67868.96883225298,70658.40147997704,73560.10653388736,76666.56921232317,79652.12770470328,82750.12133874738
Corangamite - North,38909,39172,40141,42691,45969,47262.956689248844,49287.38625650272,52050.47247284313,53888.58651368661,56006.705075287085,58666.26384899996
Corangamite - South,36720,36674,39039,41475,43016,45000.77238152979,47245.51003898722,49089.91214846563,51154.775487248924,53458.227452363484,55605.18361658909
Craigieburn - Central,46276,45862,46998,48304,48927,51092.350537732935,53345.85606233749,55021.95443698639,57385.681923598866,59912.44132643013,62117.41950134174
Craigieburn - North,49328,49269,50378,52400,52737,54886.51463780733,57612.69471016258,59269.962443978366,61660.54051442603,64513.24271745879,66819.8759943269
Craigieburn - South,46789,47776,48695,50176,50807,52913.45717396002,55302.319952251615,57045.94113619431,59415.359696976586,62045.68687817359,64334.473555456956
Cranbourne,44631,45525,46886,48102,49241,51447.697553759564,53543.03475826751,55428.1610557895,57831.29466773441,60256.66644154445,62555.35674795164
Cranbourne South,49571,50401,53229,55750,57557,60166.52107643739,62820.746100470795,65095.51272579778,67789.61219866242,70631.17206966973,73305.5346740766
Cranbourne West,48495,49365,50346,52223,53412,55450.97912732506,57942.64996653347,59986.9459295106,62365.647712162,65060.19273657958,67554.46622246096
Creswick - Clunes,41012,42640,43979,46272,48348,50103.28501541403,52373.321512751696,54650.759760430716,56758.69250139929,59153.221182527566,61636.71035548511
Croydon - East,49625,50228,52582,54255,55563,58217.07466961997,60611.6377947433,62651.43758441909,65375.87173713116,68092.07195547843,70600.74495769068
Croydon - West,49427,51016,52726,54040,54864,57419.11718896082,59791.52986209012,61653.01873030541,64337.431540221725,67060.04630845456,69475.94421607381
Croydon Hills - Warranwood,49642,51472,53752,55733,58659,61080.67601058777,63310.889967670104,66123.81797657927,68814.9634389457,71400.25558224172,74337.68378388288
Croydon South,51465,52782,53698,54771,57737,59850.96584170317,61738.90361380356,64639.33221507581,67239.43466697098,69634.17523985915,72592.21938263075
Dandenong North,42992,44057,45641,46839,47545,49841.33083880977,51970.53394520387,53613.11047697142,56011.62953188517,58447.52374484005,60592.67634238294
Daylesford,40000,40274,42437,44148,46905,48960.78475964681,50758.94331401017,53221.50183114668,55482.51061434775,57588.93404960016,60087.99453281308
Delacombe,44567,46480,47955,49919,52859,54781.82693410914,56851.88876237234,59591.767145788464,61919.7933424079,64273.62047876688,67058.15594874718
Delahey,43913,45480,46824,48516,49932,51995.01631491318,54234.85089232907,56261.770846082676,58584.0967620679,61064.82870714494,63456.76061069618
Dingley Village,49004,50118,52220,53932,55788,58267.50972740743,60563.84412417718,62862.082464849525,65517.19218892592,68146.50705584206,70782.39519766963
Docklands,52000,49001,51334,50516,55136,57919.09599530581,58524.355632464874,61934.8784847101,64937.668004922205,66590.82943682498,69633.91586182013
Doncaster,42951,44283,46283,47854,48511,50906.304131998586,53208.26681939448,54826.21877471033,57263.58328519093,59807.89225945417,61966.45907340693
Doncaster East - North,46213,47758,50000,51209,52282,54931.40897398347,57099.79815867494,58963.08365400042,61638.60293946012,64191.50143807522,66533.47036631021
Doncaster East - South,47593,48177,48538,49756,51863,53653.479926139735,55641.50098668525,58078.3453615462,60369.33996140962,62720.8345261921,65348.8548152269
Donvale - Park Orchards,49245,49466,50615,51873,54200,56320.32408750285,58313.21678664415,60840.64457509086,63336.175205228596,65741.59916948015,68449.85632953246
Doveton,39465,40754,41546,43659,44479,46125.7061009057,48525.054740838896,50213.711238282696,52177.54707222231,54628.51783268981,56763.98203246367
Dromana,42735,43523,46539,46565,48406,51391.985352688855,52755.38821541496,54778.45321280667,57611.36132891935,59662.18002878034,61935.501404971925
Drouin,43655,44069,46521,48977,50310,52610.46611367632,55139.16517695104,57064.86503013182,59443.92046679106,62078.74149008418,64432.44784196588
East Bendigo - Kennington,43578,44913,47115,49827,52050,54124.99203531886,56607.19725028548,58976.07462595593,61287.18491846711,63867.085864412315,66472.26901311881
East Melbourne,63762,62319,64169,66541,70670,73083.89133200352,75577.19133189193,79230.1115873958,82192.99708649819,85094.92037485109,88710.50095730217
Echuca,42196,43078,44765,46086,47335,49551.01200278222,51588.26803426975,53450.62797245799,55805.253550660556,58150.39758640377,60390.18761247784
Edithvale - Aspendale,54478,56159,58604,60773,63138,65812.95500133006,68386.05528321827,71058.09563083015,73950.18313417188,76849.96061725522,79831.55255507518
Elsternwick,55640,56999,58556,61290,64191,66354.70603952638,69092.38896814827,72092.70912035368,74743.76652258527,77683.54182721511,80870.88725550531
Eltham,53619,55317,58407,60000,62270,65311.91468685776,67626.37919854224,70180.75305262639,73259.69311516298,76042.75756047678,78921.9036596735
Elwood,61632,62100,64042,65384,67564,70449.13083580241,72899.32851801033,75627.68273396316,78782.01370385129,81755.20122056323,84853.65170728418
Emerald - Cockatoo,46512,48055,50728,52410,54688,57284.23075103216,59409.97220615403,61817.42541689041,64505.95839697509,67004.04266374433,69650.19328818357
Endeavour Hills - North,46932,47690,48747,50736,52068,54037.795556063254,56494.13420381794,58562.42934554691,60870.757122985466,63503.51049822246,65978.41878865354
Endeavour Hills - South,46433,47786,49308,50330,52011,54345.31218819297,56315.14064747195,58483.30264034597,61032.24423278392,63431.43162855859,65913.177231971
Epping (Vic.) - West,49337,50080,50412,52470,53857,55598.31056292481,58154.62510124789,60345.65837656785,62589.83079908097,65298.26536781112,67887.16046080002
Epping - East,44893,45458,47424,50256,51597,53667.48569464363,56403.26883927123,58405.13756696146,60683.263027772926,63433.35348633765,65871.94995270728
Epping - South,43583,44284,45556,47522,47790,49848.44148471922,52406.44033614441,53901.68889516855,56135.176742411764,58794.61376546537,60907.4225365388
Euroa,38854,39839,42798,43129,46023,48671.97249907889,49831.521269291254,52253.439655210976,54866.871832329205,56675.85874835371,59081.15612979426
Fawkner,41969,43315,44641,45647,46285,48500.864326291594,50541.1656300943,52141.63927371408,54487.302133664336,56854.99830302111,58951.706898759265
Ferntree Gully (South) - Upper Ferntree Gully,48760,49287,51642,54318,55339,57771.48505133275,60624.18783081793,62548.66330527225,65088.02159135865,68018.72371673217,70498.34249492435
Ferntree Gully - North,48899,49992,52139,53270,55319,57918.48132574902,59922.317043321724,62280.8079633651,65025.2139925835,67501.26417786258,70136.01495991019
Fitzroy,50415,50746,53361,56544,60750,62875.104066495136,65327.00440207932,68724.71914338367,71257.13252250332,73884.33549910333,77158.91936741627
Fitzroy North,55190,56729,60043,62612,65444,68349.50394757578,71006.53541350219,73871.83783507996,76898.64844703095,79864.73342014157,82980.06258296134
Flemington,47438,48027,51079,52933,55136,57854.3491418937,60064.75629114476,62424.3416482986,65164.61332161044,67721.78604197223,70353.95859593566
Flemington Racecourse,39118,37910,34008,39314,57549,54576.541305274535,54678.73392045739,64494.91345701309,64667.542414195,64905.223733948296,71169.84191267082
Flinders,38913,41346,42061,42483,45904,47624.50354403058,48781.4945772874,51597.02838502528,53789.40113842191,55520.33051499146,58148.072369501235
Flora Hill - Spring Gully,44586,45130,46941,49543,50660,52731.77233212387,55406.90756411969,57299.74171542829,59570.571747424874,62287.85056810607,64652.46968499847
Footscray,42083,43909,46644,49003,50958,53319.25064576582,55669.847257902904,57853.27052439606,60290.38727415987,62815.55399798882,65291.21337139261
Forest Hill,48378,49503,51618,52362,54316,56980.817649812794,58824.008757383526,61115.48703766104,63893.37344327537,66282.53311559532,68853.63740739145
Foster,33836,36262,37511,38582,41952,43570.401405716744,44849.99027953637,47515.62712404339,49516.490173515216,51207.25133867458,53681.847025608215
Frankston,47697,49141,50949,52837,54633,56927.470769656524,59283.290674863914,61552.64690363159,64082.444697205276,66708.43724229516,69315.22223408075
Frankston North,43970,45053,46786,48678,50109,52267.91289596977,54573.027663008426,56583.43365565841,58938.127758647075,61454.86348811289,63841.03355458099
Frankston South,49551,51921,54601,56065,57841,60680.48386719377,62939.08461573461,65205.767922455314,68090.35673476156,70771.52868526865,73422.71588546154
French Island,9715,16626,21194,17987,21023,24259.019132679437,23132.256576106185,24844.376836870935,27389.222848629404,27576.07595641895,28943.996101136087
Gannawarra,36676,37094,39334,41051,42004,44176.36765642647,46250.49863473904,47820.764149642106,49993.121552708435,52247.01011071063,54230.18614105004
Geelong,45300,46681,48686,50705,52285,54566.734346393816,56943.98514938987,59051.24595241214,61505.93658298179,64100.83278047082,66579.39818966779
Geelong West - Hamlyn Heights,47828,50094,52379,55284,56304,58686.6854572018,61663.44268447116,63618.96466335573,66141.77139985599,69149.86493413214,71673.88644127987
Gisborne,54179,55495,58861,61094,62628,65728.14868979395,68471.68966822373,70708.205507289,73764.16030368311,76807.13540444535,79564.54275030317
Gladstone Park - Westmeadows,48156,49566,51192,53602,54288,56532.34467834046,59356.4210699008,61165.142363038605,63610.59777414686,66521.68816192282,68932.57724937866
Glen Iris - East,60026,61932,62929,64767,67836,70127.319959663,72608.14378763913,75799.69527718483,78666.58589363986,81570.71922660281,84916.16449985729
Glen Waverley - East,46816,47002,49033,49801,51538,54099.10352372511,55919.51545681591,58058.17632865816,60717.77343127826,63042.31260390362,65482.10320182991
Glen Waverley - West,46194,45871,47776,48696,50509,52937.482203306216,54772.52816533444,56930.15821451295,59494.57651963564,61790.20721782006,64221.10469391544
Glenelg (Vic.),38802,40779,42706,45470,46970,48856.33098078835,51382.98344606386,53342.883767286534,55433.49477111966,57958.85825829219,60268.725959585914
Golden Plains - North,42710,43767,45132,47944,49492,51242.05906276215,53878.53435438881,55963.22416933522,58050.39389868662,60677.47765756753,63115.52685038426
Golden Plains - South,45832,47092,49422,50621,52000,54629.586876921494,56708.42032244449,58688.34740257121,61352.666895126975,63834.417867331365,66219.817387263
Gordon (Vic.),46130,47084,49543,52000,54348,56645.610849448676,59059.07857887406,61513.976247711915,64001.7448453406,66604.84101226993,69290.15975132547
Gowanbrae,57639,57520,62295,64539,64614,68512.25033699302,71614.21036955153,73170.29200522802,76614.50512086926,80007.02192922425,82477.81541020572
Greensborough,54322,55653,57176,59707,61909,64133.258826000274,66887.19969447894,69534.86115036253,72164.88004034609,75112.30441543084,78083.28286046063
Greenvale - Bulla,48395,50116,52071,54508,56088,58379.470974461416,61043.90587836755,63252.01638713931,65771.12568872744,68587.47831154108,71213.27897126516
Hadfield,47514,49701,51358,52988,55701,57909.755610501765,59984.163649630675,62678.07883433237,65226.07491958882,67678.2558841013,70496.0601883592
Hallam,44301,45024,46701,46431,47711,50338.11933038712,51751.05154307607,53616.853156737125,56287.147276264215,58373.11268633712,60579.365521576576
Hamilton (Vic.),40430,41707,43593,46056,46898,48939.64401460278,51503.93302261188,53181.355541634075,55354.93466172184,57951.29778437275,60125.622418380364
Hampton,55475,58267,59798,61562,64732,67113.55652053427,69421.45810242643,72539.40984997485,75378.78385566556,78125.71104773355,81352.03745811104
Hastings - Somers,43280,45022,46890,48891,50768,52906.87977272836,55163.78219230537,57371.058530638555,59729.85195427207,62206.102797259744,64696.05664907082
Hawthorn East,54976,56613,59704,60059,63341,66589.31940532729,68206.03804414556,71201.83331725784,74506.3227855979,76931.746884736,79999.1810307953
Healesville - Yarra Glen,42993,44422,45892,47690,49216,51256.79879128039,53484.57612161331,55532.7350315855,57821.042748474596,60269.85709323279,62654.76101634948
Heathcote,41278,42193,44402,45920,47388,49715.32315123647,51758.6025743034,53678.13702600971,56071.812356849354,58408.32052514217,60669.542988902525
Heidelberg - Rosanna,55418,57270,59993,64119,66560,68947.82454944693,72373.21740209247,75163.22971307737,77860.62714954437,81210.29089740978,84373.68159831813
Heidelberg West,46010,47204,49015,51048,52717,54926.228277129485,57309.23930004955,59479.78647787132,61912.322609523,64510.821538533426,67032.28248705957
Highett (West) - Cheltenham,55337,58030,60289,63525,66161,68562.91606604116,71596.02159451359,74483.8073752303,77248.12436307751,80397.30180581321,83579.99716338111
Highton,46686,48574,50000,52711,54520,56458.27836692274,59148.40960356904,61459.81945584892,63764.07435222947,66523.76640780247,69177.47438828446
Hoppers Crossing - North,47326,47687,49209,50884,52171,54401.90323103388,56729.17888605847,58741.50157611099,61193.1696580101,63783.29803642576,66217.21548867144
Hoppers Crossing - South,46639,46187,47501,48557,48962,51289.59354851944,53490.21187028969,55057.69520177588,57511.6296039461,60037.97003464698,62184.55282362851
Horsham,42805,44041,46212,47895,49380,51719.36900594079,53888.157433362314,55867.98986158377,58302.85282871239,60743.10631826971,63083.54204123794
Horsham Surrounds,37678,38385,40830,42678,44131,46347.55805787097,48412.690255983325,50233.224808064995,52473.03669677431,54737.782251621735,56882.326521508985
Hughesdale,52149,52640,54148,55804,59010,61202.64894266749,63279.84136327946,66275.28582531447,68900.0816027128,71395.3144721085,74429.6778114755
Hurstbridge,50670,51242,54241,55911,56485,59516.585973334,62088.25255525274,63788.63290089217,66696.38171679524,69584.24673336351,71949.30018239631
Irymple,41125,41239,43752,45238,47262,49623.446443422064,51504.85715618466,53634.51364492423,56049.78685397124,58269.299552726785,60614.335905512395
Ivanhoe,55812,57982,61180,63477,66817,69723.76382440954,72199.79452610345,75320.04801010707,78407.5860173128,81286.74534024624,84543.28957509049
Ivanhoe East - Eaglemont,54634,56715,59631,61714,64642,67482.92173657616,69915.7105815163,72826.84719774444,75843.43810846534,78679.58066979519,81791.33309627412
Kangaroo Flat - Golden Square,43528,43938,46513,48697,50274,52652.12618976685,55008.809810628016,57024.802439455554,59461.66217009124,62002.45962572902,64385.60429071889
Keilor,52495,53926,56126,58000,59770,62397.825377538706,64900.29089897227,67252.65630965325,70057.30759442027,72887.54506336359,75643.80332712014
Keilor Downs,47090,48232,48990,51340,53009,54760.99676837875,57321.3500707592,59583.09654023508,61792.811914113605,64461.47567791769,67061.28821802558
Kensington (Vic.),60637,63502,65426,67875,70452,73092.39033517765,75977.21565642298,78959.39118321371,81993.92654792452,85193.26536517765,88504.29029460702
Kerang,38400,40210,41534,42714,45100,46973.4111743086,48627.458629753244,50945.83368779142,53117.06509241404,55136.65225991219,57531.46012499046
Kew East,54079,55325,57923,60000,60237,63199.65125762309,66147.35295971204,67830.47832544011,70762.70287545829,73933.57745677623,76398.83082506104
Kilmore - Broadford,47556,48788,50617,52570,54186,56482.04870522614,58891.65556909363,61072.774274634874,63585.31059100512,66238.47626040888,68796.6404903107
Kilsyth,47919,49265,51636,52901,55689,58241.713031708954,60124.46758584069,62791.12141976502,65522.32029969513,67894.8152128275,70675.17311073362
Kinglake,46946,47702,50343,50478,52390,55341.26596512631,56871.59501752579,59051.06974177602,61957.18836524248,64172.697450505824,66620.55127809444
Kings Park (Vic.),42290,42073,44100,45476,46379,48722.497166476496,50820.26089226481,52486.976898982204,54867.40806520299,57247.69316291588,59371.93210077371
Kingsbury,38478,39873,40338,41332,43867,45406.971257187004,46947.89109497977,49363.07638396996,51370.50096419277,53285.87784470544,55707.67502637075
Knoxfield - Scoresby,48209,50000,52002,53697,55254,57725.87701845024,60074.18788526742,62239.63026568086,64876.01431580896,67538.31727474235,70103.84771539841
Korumburra,40000,42145,43745,44398,46657,48839.9664321565,50353.81963187033,52628.21859676516,55014.940238207106,57030.04203830292,59421.46134992969
Kyabram,42286,43509,45097,45701,47901,50144.76309368939,51693.03325938718,53972.68060182552,56419.82099721695,58487.17970054215,60909.11029246438
Kyneton,44618,46404,48701,49368,51464,54093.49742985331,55775.02285248858,58043.23184931289,60743.9329051851,62979.33496664624,65466.99863066734
Lakes Entrance,35670,36035,37225,39341,40840,42403.966157556184,44511.356412779736,46370.89043679852,48217.710650277826,50394.636724369164,52512.71049556805
Langwarrin,47975,50022,51905,54151,56456,58676.91009806688,61107.04948205094,63635.86426564426,66155.60543032188,68817.61495825517,71591.7246770915
Lara,50671,52138,54241,56452,57865,60355.852172386636,63020.819264709855,65186.701170432396,67853.61722284343,70733.14522725178,73372.52669504247
Laverton,46804,46790,48636,49590,50639,53153.34264307844,55190.93585594355,57031.3371957827,59625.522893017645,62076.775058767525,64371.005598731506
Leongatha,41617,41796,44804,44954,46679,49586.152623428694,50972.216125559215,52906.301595164354,55651.13437687461,57676.38341055746,59872.87115310084
Leopold,46367,47881,49714,51243,52582,54971.33429639962,57228.76229694965,59247.65849789728,61792.305589796546,64362.75615784771,66798.76930396142
Lilydale - Coldstream,46766,47662,49593,51390,53904,56136.15100974272,58256.39966769453,60803.34709677025,63303.27243529371,65748.67592837938,68457.39080278072
Lockington - Gunbower,38597,39999,41334,43816,45725,47362.03406625524,49664.22552266754,51809.81693057139,53784.70821559612,56138.737593341655,58506.854138396266
Loddon,36828,37218,40581,41479,42159,44998.11921245632,46772.88364914987,48134.997036693974,50670.132736140404,52838.201522477095,54685.85147766935
Longford - Loch Sport,42845,43472,44830,47929,50569,52121.91076472384,54645.103284396544,57224.82110764908,59240.89746904841,61752.63256542941,64445.55717996386
Lorne - Anglesea,37626,37740,38892,40033,42181,43932.52830686962,45543.03373667925,47702.17269948362,49748.07510158096,51691.230425591326,53948.61770269113
Lynbrook - Lyndhurst,51886,52038,53676,54593,55573,58205.31871371092,60408.71840010908,62354.35226323609,65122.8045537854,67777.43636083984,70238.14084033066
Lysterfield,50000,51055,51724,54772,56638,58279.02132100266,61186.30115246342,63634.99069639923,65831.70043268127,68725.08079444763,71515.12125545504
Macedon,55194,56715,58944,61142,64930,67373.87969611067,69683.57989266151,73021.59914617531,75868.34258759557,78576.04579241318,81902.99323804019
Maffra,44115,44857,46487,48238,49849,51970.562929934145,54172.88628892123,56259.75894545782,58604.32811551589,61053.45442363433,63465.94006217522
Maiden Gully,47608,50549,51675,52407,55752,57904.39863074711,59495.80980193137,62489.43760189614,65089.5238067064,67275.40944077529,70214.60585102049
Malvern - Glen Iris,57149,57386,60502,62149,65367,68375.95417746162,70581.73286198222,73613.24682356315,76759.75402659463,79495.30888830687,82661.71386211226
Malvern East,52713,53530,54615,55546,58198,60472.46295288926,62386.959343721464,65150.20914650219,67840.61370065849,70288.2247242934,73188.3043678193
Mansfield (Vic.),34400,34931,36409,37592,40148,41876.890183577314,43329.17169831499,45588.57740345576,47576.9992907343,49367.92814827232,51616.71158683384
Maribyrnong,49170,50624,52495,55094,57084,59278.69146304006,61943.99568278614,64359.13239566136,66851.47126145038,69657.50802362134,72405.5889162081
Maryborough (Vic.),37681,38485,41023,42558,44141,46452.945370060006,48359.764702862514,50224.947062391664,52533.37016052435,54720.702262266605,56874.836845044505
Maryborough Surrounds,37010,38349,39996,41046,43526,45481.69182360662,46999.13513666127,49293.28644032898,51474.570871998454,53390.50384924268,55727.11580749654
Meadow Heights,38194,38761,39920,40987,42541,44413.50311903964,46147.7810430185,48061.26877142475,50168.619050048765,52225.83748575247,54379.618542384516
Melbourne Airport,46280,41600,43497,49384,40800,43132.71598373954,49111.378889621796,46669.5500367476,48449.69655338209,53163.81246741322,53446.85551234496
Melton West,48179,45865,50018,51397,52651,55945.43380826,58071.779415453595,59877.522102015086,62841.44796654887,65394.08689797426,67683.98253663373
Mentone,54428,55559,57260,60549,63024,65119.835971628585,68136.18898191044,70922.8017416239,73467.58541988884,76534.52934640652,79611.22336789186
Merbein,38046,39792,42642,44911,45778,48179.81362808392,50586.94729745276,52172.105597030146,54495.76382290695,57005.592184669855,59086.86702133846
Mildura - North,37522,37717,39127,40421,39311,41492.420766454954,43841.21285685543,44526.08926962964,46644.26319393406,49114.18971721894,50643.48558315378
Mildura - South,41743,42197,43391,44951,45831,47805.58726645095,49998.1842903899,51707.608010017626,53894.51150496318,56292.516983661095,58445.387234727044
Mildura Surrounds,36873,36706,36912,37000,40152,41606.28188572794,42534.88974478661,45131.58118186118,47087.327999466885,48587.304762229476,50983.12294209143
Mill Park - North,47299,48200,50202,51999,53041,55483.655493339065,57925.652733551346,59819.61177455716,62375.25902114814,65064.41940741815,67459.26957459675
Mill Park - South,47070,48065,49595,50815,52724,55002.687240078645,57018.46574764786,59302.760022926384,61831.624062786956,64249.310487166076,66805.1059027442
Mitcham (Vic.),53615,54099,55989,57456,59685,62232.78463611728,64474.507145660195,67038.85172166736,69842.10553956407,72515.07809610246,75359.30988761553
Moe - Newborough,43365,43126,44585,47032,48533,50383.599789829466,52852.92541389501,54882.772420430694,57019.24015503366,59555.196573979956,61934.0686940538
Moira,40063,40559,42218,43795,45447,47461.637139726554,49445.443585063134,51439.0564048453,53642.918189352815,55880.34006872433,58142.09482919587
Monbulk - Silvan,43228,42490,44903,46757,49450,51660.63266489571,53600.68772692503,56080.20251683171,58460.68955050778,60702.97539687521,63268.27716131907
Montmorency - Briar Hill,53896,56191,58478,60288,62883,65548.90964271977,67923.45042863538,70694.87130455195,73606.91724621394,76393.34014008383,79406.71113216277
Montrose,48968,50818,52307,53393,56750,58978.981099891505,60724.21997127642,63723.77250570534,66355.60253473575,68636.69308433725,71604.29631354407
Moonee Ponds,57514,58506,59973,62193,64575,66926.23249572364,69600.45836468166,72389.6092783736,75167.08969377118,78133.98143737501,81223.52087506806
Moorabbin - Heatherton,50857,52337,54034,56778,59749,61793.93658544715,64373.16482172453,67285.41492830729,69775.80632478726,72527.29245958701,75568.08317455507
Mooroolbark,48637,49723,51617,53749,55612,57900.69413275121,60364.35066060568,62682.34142530937,65215.42797023983,67908.27793965259,70564.83475229397
Mooroopna,38387,41460,42474,43107,45595,47496.79389561907,48938.341817313725,51328.98698501745,53567.886740929935,55497.088079526045,57927.142765139164
Mordialloc - Parkdale,55333,58004,59893,62448,63923,66453.09765567057,69438.89570623968,71798.09559787763,74603.59584173729,77770.5571365304,80652.95586344218
Morwell,41822,41990,43353,43599,44821,47107.20354416063,48659.7319605383,50461.29482443447,52868.339058851336,54939.265127838014,57069.61944745757
Mount Baw Baw Region,44344,43677,44880,46096,47815,49828.42543727533,51746.612150164496,53856.266244146194,56145.1326809568,58405.09720027642,60773.947393559625
Mount Dandenong - Olinda,49479,50870,52390,54506,57754,59783.03315396462,61992.02605796673,64979.75846768139,67466.05701622856,69981.07293383998,72994.94127234636
Mount Eliza,50602,52730,52924,55480,58665,60136.299474190295,62616.932790100436,65706.31575247654,67929.3825356231,70573.08087979496,73693.62979847813
Mount Evelyn,47530,47574,48782,51854,53209,54994.96400255443,57903.90813591003,60011.40351632909,62182.34917377446,65037.85179859862,67584.04549603499
Mount Martha,47096,49041,50109,50922,53456,55603.53175678943,57350.81390445369,59949.0872365296,62475.341910243296,64737.50161055088,67449.28067540092
Mount Waverley - North,48941,49446,50000,51000,53598,55504.74371607844,57336.03661002483,60006.46058414483,62414.348502891,64704.07628146836,67467.34389159718
Mount Waverley - South,50122,50360,52074,53546,54873,57316.115024478895,59630.90610007654,61708.41431130048,64336.81014099597,66991.30227954366,69508.33664469983
Moyne - East,38312,38326,41475,41792,42284,45224.680143845086,46827.253204389635,48121.49070666858,50747.29702828532,52858.94332430946,54667.507165995
Moyne - West,41561,41765,44522,44721,47044,49772.06071404988,51056.27077222792,53273.51278656451,55950.221153761675,57886.361570466725,60224.67180085113
Mulgrave,49912,50000,52000,52955,54444,57085.202197787265,59131.682724987375,61239.635854194836,63988.18208204746,66506.4710909909,69006.7408874089
Murrumbeena,53463,53719,56230,57254,60646,63399.0503719205,65192.66764060557,68222.61860213138,71189.53365919538,73602.98051671163,76652.89117417051
Myrtleford,39394,38481,39767,42362,44117,45672.71944746398,48007.72013051397,50054.01688277271,51942.961438782826,54281.667614804996,56571.68419370161
Nagambie,43234,45000,44971,48000,49028,50270.28751732795,53158.87589072504,55119.852249193915,56944.40775148888,59694.81081248112,62101.60767758302
Narre Warren - North East,47234,47726,50487,51854,53323,56101.726486449974,58249.669421714025,60269.110240624614,63020.80592213211,65564.2011535618,67994.1063220581
Narre Warren - South West,46508,46519,47488,48863,50181,52210.335575764,54371.31658700091,56387.196692746285,58723.33277529703,61180.84147474457,63572.69840064871
Narre Warren North,45513,46748,48642,50435,52057,54341.42782329067,56616.591097877455,58741.89841676778,61210.03047519903,63750.38359527186,66227.6948860939
Narre Warren South - East,47700,48885,50290,52151,52962,55200.033192326075,57744.31685029276,59584.29492768198,62038.2450786449,64781.65467377328,67164.68827356011
Narre Warren South - West,47404,47144,48656,49972,51313,53593.54759034751,55739.31400603823,57750.235210675564,60231.529331844285,62716.95695704984,65120.307040284104
Newcomb - Moolap,41770,42534,44203,46550,47630,49612.7310514218,52106.14669050708,53917.69401175603,56094.2250975541,58656.102327136345,60908.94008027881
Newport,63129,64318,67114,70965,73420,76145.84771727808,79672.37226256588,82625.14757136555,85661.51154080773,89233.6962434038,92622.17180027498
Newtown (Vic.),48686,51441,53426,54681,57078,59597.8484198818,61629.560072747205,64192.59091023374,66938.50868120423,69440.17979058306,72214.62104338425
Nhill Region,38786,41214,41875,42687,45547,47217.44877272867,48653.69819980443,51230.67214950771,53355.26766466682,55244.13870290688,57768.71321459527
Niddrie - Essendon West,56034,56430,58225,60346,63160,65543.70204189018,68017.60346564456,70930.28200265244,73701.0484772631,76511.88564488827,79613.81560874582
Noble Park - East,42603,42438,43383,44772,45012,47003.24513558478,49265.49429553238,50699.50604674007,52879.25955382824,55338.18982265173,57349.030146588724
Noble Park - West,40296,40188,40859,41745,42798,44619.77104315848,46430.14359873685,48171.487749596556,50269.84081960105,52403.830961266336,54491.78581550514
Noble Park North,44242,45527,47093,48279,47987,50441.22139710298,52818.87741310569,54048.44386956656,56517.299130087245,59157.46625475138,61128.32249108187
North Geelong - Bell Park,45176,46731,48155,50821,51067,53121.9725834922,56059.14878257053,57621.25334821945,59878.74968353773,62789.518635850836,65025.602065894265
Numurkah,40393,40823,42558,44460,46851,48752.4213323182,50729.27818317392,53069.66870091466,55240.85652627622,57448.63358173484,59905.97484181743
Nunawading,50506,51341,53179,54293,56674,59163.86719473327,61136.88386970973,63692.80481753269,66426.01860131661,68891.64501673554,71652.5444660782
Oakleigh - Huntingdale,48922,49972,51315,52552,53979,56299.55454756351,58484.410040819384,60608.26797781385,63179.05842690409,65741.39645498127,68259.32083158431
Orbost,33811,34669,37724,36937,39164,41987.887557181944,42644.67718922832,44595.790136074604,47199.16436133229,48673.423570424995,50673.718727696505
Ormond - Glen Huntly,51592,51667,52970,55455,58355,60282.314046850624,62748.1642351853,65623.33395368294,68045.98228332042,70713.89308673562,73706.3023065291
Otway,32930,32264,32593,33698,37048,38149.02401162455,39329.66523826229,41938.81719659278,43585.568891981595,45095.96682436405,47449.96927685428
Panton Hill - St Andrews,46490,46998,47620,50548,51599,53193.86888487513,56091.596116269684,58073.63607298965,60126.92837311174,62954.67556142227,65415.05691702585
Parkville,40330,40428,42162,44493,45501,47446.75823840959,49881.31913851512,51605.61974389938,53714.40623929189,56202.49901438092,58364.41724693817
Pascoe Vale South,54453,55485,57525,60485,62682,65014.76599323429,67942.90952950163,70573.01064167824,73237.77621479225,76286.59637791282,79269.06064340012
Paynesville,37651,39455,41071,42371,43575,45643.63331822026,47567.727960627635,49325.229633665964,51523.74098218205,53725.17236748247,55830.47411251692
Pearcedale - Tooradin,46171,47570,49039,51873,53269,55207.67883242726,58003.99207016342,60107.572935933786,62367.31954349584,65176.043682104,67709.86980419533
Phillip Island,35952,35984,36386,37579,38922,40386.94091991748,42138.17985769423,43933.62324358032,45757.95576873051,47736.57058059,49771.624041066585
Plenty - Yarrambat,50850,53853,55925,56630,58836,61618.338050858016,63530.07001981332,66040.85068890618,68986.90319076649,71501.20025001769,74276.5735039954
Point Cook - East,54833,55045,56033,56777,59163,61522.60927746872,63461.08648502929,66139.48654325583,68902.48903357895,71407.58180527939,74289.24600071774
Point Cook - South,57122,58071,61256,62556,64608,67874.2584848936,70194.78267266214,72701.98195278156,75957.99211025532,78825.07085663674,81728.03017020406
Point Lonsdale - Queenscliff,41363,41693,42588,46278,49427,50544.26087413701,53162.32899850071,55973.730391958416,57727.440633057246,60199.58975643105,62995.29318311316
Point Nepean,36400,38368,40470,41267,43524,45743.84095721045,47195.98600945561,49357.35526458512,51673.969948452956,53587.10482806254,55847.798301037576
Port Melbourne,71176,72417,75000,77462,79859,83097.70837061552,86300.38732550669,89383.1646876735,92910.98589350644,96516.17546344872,100080.22055214766
Portarlington,39521,40085,42165,44677,48170,49928.22936676154,51910.471474974926,54733.15272544878,56838.881729023815,58991.75594794403,61705.61083094315
Portland,42778,44400,46857,48771,49936,52387.89384395835,54730.42059874009,56568.49578525132,59045.87595975647,61606.222464585044,63896.79519880814
Prahran - Windsor,53157,56542,61350,64135,67129,70564.06622664689,73260.20184036891,76124.0114156006,79415.3371408387,82446.7059437129,85575.94674107042
Preston - East,46818,48193,50272,52747,55393,57539.97391063134,59937.70489947727,62573.90768820655,65021.45052656346,67614.51264718609,70413.9196742157
Preston - West,49913,52061,53632,55989,58560,60673.71353082933,63163.15398575637,65881.20165613541,68398.36910863247,71113.71728792597,74031.54726725529
Red Cliffs,38250,38964,38161,37834,40000,41328.28646841163,42364.65177405877,44609.63772799576,46524.49646536733,48139.81927037305,50384.21072535552
Research - North Warrandyte,51610,52671,54950,56868,58664,61266.61902530077,63742.204887810476,66073.43910734096,68836.99346443475,71625.51272674208,74345.87097315644
Riddells Creek,53277,55445,56109,56985,59578,61769.414802901054,63736.857970435834,66539.73381067062,69229.58067042375,71735.82368378865,74693.32942873705
Ringwood,47863,48971,51096,52762,54810,57246.99297469517,59447.48918229348,61801.52430176616,64419.74481378845,66966.12727735515,69602.20506291595
Ringwood East,50728,52721,54371,56245,58617,60914.0613881404,63258.64754218292,65881.37401786674,68516.7641592215,71190.16862847016,74051.66248462457
Ringwood North,52150,53320,54295,56837,59715,61558.72496832889,64108.560798641316,67032.92012683497,69446.20572292572,72183.39139501427,75238.20695780445
Robinvale,24133,24963,29671,27475,27736,31408.66598499346,31550.85064876026,32245.463823245296,35037.74005898784,36185.11250531434,37281.00450963909
Rochester,42535,44333,45202,45114,46586,48802.04947792342,50238.43583229802,52222.61337713044,54669.27086058758,56708.9785500238,58963.55592683928
Rockbank - Mount Cottrell,38184,43255,49758,53607,56702,60103.76757174056,62799.056098700064,65337.880304101745,68282.45224015653,71052.58866095339,73785.37125497352
Romsey,48551,50446,52805,54647,56480,59048.59472831457,61413.20307727357,63700.38774635725,66402.11024486201,69083.86651306471,71729.35681261428
Rosebud - McCrae,38865,39310,41869,43454,43854,46323.526975026856,48522.97632027112,49876.5599355522,52230.56202063149,54638.51480914951,56558.00881867017
Rosedale,44919,43758,45542,45598,49739,51976.18744626687,52893.78082657232,56022.56102216675,58576.827079481,60256.69456726159,63082.41603688982
Rowville - Central,48498,49875,52134,54035,56129,58595.2552217232,60913.81332934336,63311.98863509605,65957.90506641431,68586.83931586685,71277.43171319549
Rowville - North,51120,52459,54738,56591,58459,61060.42423867036,63486.6357488836,65842.77086260391,68606.67451026506,71362.49568879898,74087.36505058673
Rowville - South,51523,52303,54063,55783,56495,59039.03218342292,61648.13955810619,63502.544146347085,66189.06124459833,69065.71003456818,71527.04166774603
Rushworth,38366,39679,41627,43639,44422,46522.37579242218,48841.865668310704,50424.06069566159,52597.87790786061,55030.911898387974,57090.577722990645
Rutherglen,45751,47123,50000,49232,51837,54984.53336521153,55965.11218369715,58397.17068395126,61455.58065032638,63364.7348387032,65882.6009332581
Sale,44436,45004,47189,49895,51128,53310.21621146458,55998.30763117502,57924.621413291745,60249.95572818608,62979.562176183754,65365.27817441405
Sandringham - Black Rock,59315,60489,62698,62418,66082,69209.79379379016,70606.31023198843,73890.3600322131,77259.94409002477,79619.01663429575,82880.61113489102
Seabrook,51761,53460,55509,56729,58486,61181.65875838948,63394.27254617647,65713.52623273036,68567.34739100543,71239.61368130826,73935.84484900389
Seaford (Vic.),49431,50459,52400,54422,56200,58567.27486352727,61024.36899991461,63315.4403927933,65905.4245554731,68618.87324701576,71273.19719719325
Seddon - Kingsville,59316,61082,63598,65931,69297,72028.21219997088,74618.13021129568,77861.78759654568,80927.83980937916,83909.7766083692,87295.0563903283
Seymour,40666,40889,43518,45223,46657,49069.902905105264,51155.15813382474,53012.85440956777,55412.703561211856,57756.14823569709,59968.96351052765
Seymour Surrounds,49601,51731,53789,57299,58512,60706.9946828617,63955.68058866627,66071.47753381467,68519.46493547954,71681.70276582887,74350.87466560697
Shepparton - North,43584,44186,46267,47812,49525,51838.36754345116,53906.313681311374,55991.881600552784,58431.87421720769,60811.93745008107,63201.12389041664
Shepparton Surrounds - East,44902,43367,46734,46503,48754,51886.905049941844,53047.3865953211,55223.51107495443,58155.56604171903,60097.61188844593,62433.158719260064
Shepparton Surrounds - West,40416,41224,44432,46296,47768,50386.771636203506,52537.31202724063,54395.87145692269,56903.54343268349,59307.82136784189,61539.538387459295
Skye - Sandhurst,51468,52597,54321,56271,57824,60220.37220052328,62762.76869615839,65012.93059449184,67657.9599475326,70467.23450837421,73143.9897696318
Smythes Creek,47193,48499,50783,53030,54701,57099.33013575162,59609.80016425267,61795.73146598392,64345.00568204675,67055.53671885951,69626.66733483039
Somerville,45771,47330,49287,51043,52910,55221.444271228094,57447.73983188404,59692.71356450585,62199.449726716244,64720.74320330377,67269.31737355946
South Morang - North,51764,52593,53487,55415,57598,59595.15781566532,62004.872631286555,64580.78019093039,67050.17053895473,69731.71674197557,72565.50635884661
South Morang - South,48698,50000,51900,53963,55315,57687.62106837733,60236.52425150824,62328.46546289231,64891.09811984452,67657.1265411411,70203.54411689393
South Yarra - West,60000,59131,77437,62178,60000,73499.0999434272,69522.76108481525,68761.38702205871,77719.7556781329,78338.02312727028,78896.79981584853
Southern Grampians,35230,34914,37496,39750,42272,44213.245283997865,46119.27247863252,48344.59554277079,50397.85410811172,52454.59464671523,54744.868282923904
Springvale,35678,35859,37547,38012,38765,40968.576954401215,42515.7487744533,43949.23467125926,46150.30948760357,48105.22153554798,49927.745308184174
Springvale South,39467,40178,41342,42610,42951,44965.75822898177,47082.1665727648,48491.20351246697,50642.20233668553,52978.878066268815,54922.13862072728
St Albans - North,38553,38574,39164,40695,40998,42671.204951491374,44862.471609675,46255.11956557498,48184.74661345971,50498.34848025596,52407.55077534392
St Albans - South,38127,38000,39466,40756,41269,43304.320150768435,45323.03997507943,46741.92641385519,48861.978601592935,51101.704515378,53004.121585721026
St Arnaud,35602,34742,37009,39023,42031,43838.28236009082,45538.44102875553,47985.90834186039,49997.34646170599,51913.71761649631,54297.57700973831
St Kilda East,52332,52634,54634,57358,58935,61271.08383552466,64137.62709015367,66413.3577587727,68999.42349311616,71977.35650676259,74707.42361015096
Stawell,41812,41857,43250,46995,47740,49317.47253481654,52458.48541589616,54168.3162442782,56054.513830294665,58921.16189071882,61175.607937116816
Strathfieldsaye,49998,51266,52570,55278,58652,60464.065208569926,62914.12812893168,66000.95826249037,68367.77729666239,70995.4379488194,74095.67640301827
Strathmore,54999,56815,58996,59685,62150,65056.049964060345,66999.56255981707,69692.18735222728,72778.38562188309,75371.8334016595,78303.81903796067
Sunbury,50719,51695,54145,56337,58039,60626.07971230856,63205.84372299702,65472.30069540078,68191.72519075501,71018.61141473384,73699.33264068814
Sunshine,39930,40091,42424,43282,44299,46796.691293734424,48584.37767031038,50219.673614542735,52660.099298019886,54847.553457350194,56888.06136720196
Sunshine North,39916,40296,41666,42977,44651,46595.965555424475,48455.977553075645,50458.46800758042,52632.28955092557,54790.56144148002,57036.18627309967
Sunshine West,43035,43402,45061,46249,47683,49907.97695900243,51860.524342478886,53810.55407163616,56190.03575778937,58491.70573972484,60775.79225025544
Surrey Hills (East) - Mont Albert,55318,56579,59421,61406,63519,66437.00574771056,68993.45235329031,71534.88739203091,74556.45147881095,77486.01157631364,80404.79121566654
Surrey Hills (West) - Canterbury,54832,58817,60779,61274,63467,66428.53074832266,68410.73990737335,71033.6755559298,74188.08901549078,76853.51956232663,79784.49664509718
Swan Hill,41703,42211,44315,44968,46302,48792.58135789938,50495.85987782623,52329.444088958415,54834.59477928165,57008.05402958171,59183.46476475137
Swan Hill Surrounds,36097,36092,39207,40030,39626,42461.76530464549,44396.210862631684,45253.565116858685,47718.34677482652,49979.535063469266,51544.87733660272
Sydenham,47212,47753,48898,50690,51732,53814.834350081066,56248.41837847925,58175.99017684699,60538.496598472106,63179.115440738344,65575.8775331233
Taylors Hill,53040,53790,55291,56654,58027,60524.7545805124,62893.49866835,65081.687323694896,67819.74739341179,70573.21065605129,73215.37620987717
Taylors Lakes,49225,49827,52227,54332,56170,58674.824505442186,61130.80726217195,63412.74691888678,66058.30832787132,68770.97853229125,71413.27077481241
Templestowe,47487,48806,50345,52039,54258,56428.11607601572,58605.22451832986,61063.72568595727,63548.50684746915,66048.26207163522,68731.03859890177
Templestowe Lower,50000,50962,52060,54917,56160,58081.361698818284,61029.522786349655,63166.368139739054,65484.5386635698,68442.46319367757,71067.55028448233
The Basin,49640,49212,52113,54496,55125,57882.431881881836,60684.03348925913,62391.2232012642,65089.10946075382,68033.37457618353,70391.28616735787
Thomastown,41540,41601,43724,45158,46454,48763.20348914196,50788.4340329325,52617.68741554737,54984.92401568726,57303.189117182315,59501.5084694974
Thornbury,52263,53153,55518,59176,61666,63861.20136201695,66950.11837119126,69664.25562787944,72193.00139854476,75262.26372806041,78271.01339765455
Toorak,52866,53639,57251,59626,61399,64474.790674307056,67168.63529534973,69460.21819562867,72467.64281261666,75439.46238478404,78191.40483698834
Torquay,47204,49307,51476,53987,56638,58852.224709025715,61298.57697854471,63960.576298354674,66465.77760231768,69112.87041591635,71952.24044021458
Towong,39717,40721,41437,44335,45840,47206.65537252892,49798.6911249757,51827.345373024276,53646.68761000146,56154.824518507725,58497.750920957325
Trafalgar (Vic.),45363,45182,48152,50802,51581,54148.14500073615,56904.987990254835,58588.44346860013,61096.58634053835,63916.70980490007,66186.58052309978
Tullamarine,49542,50419,52107,53880,55601,57926.0055805269,60289.656150034716,62558.19600574644,65132.96013031585,67792.69399200188,70421.19753146113
Upper Yarra Valley,34429,39200,42571,41416,44525,47619.972783181125,48076.537704548275,50504.09608087682,53397.88224600803,54854.271461670236,57177.05502421275
Upwey - Tecoma,50200,52450,54770,56898,58784,61339.19456277864,63878.43088290383,66250.34684965928,68980.57022945391,71792.03887062555,74538.39048349089
Vermont,50901,51788,53814,55868,58268,60640.74959424862,63023.55079342557,65623.33304076077,68270.97387134455,70953.76753245635,73793.96116612756
Vermont South,45772,46149,49000,50000,51564,54393.218592313926,56314.231132415836,58320.23809966132,61081.285807112006,63474.68059417131,65845.13320889178
Viewbank - Yallambie,55023,56612,58545,60679,63416,65867.38056846286,68367.2884495692,71243.01330295907,74048.4763727022,76885.53664459992,79974.45271727702
Wallan,50781,50922,53350,55182,57141,59742.503289634486,62091.0693935122,64442.490766866606,67177.30555034705,69859.41477785591,72547.48045435242
Wandin - Seville,43998,45000,47198,48756,50874,53215.660482238745,55229.70689370538,57511.54946495074,60000.86654171622,62359.445271052544,64866.097218202405
Wangaratta,42978,44316,46215,47975,49282,51524.36271592769,53774.108075336866,55697.46141220628,58078.25005466832,60562.58466445379,62883.24255618138
Wangaratta Surrounds,41418,43136,44221,45918,48575,50312.2725781775,52225.22263506352,54767.526031639216,56925.41310833267,59119.8347019126,61715.888114463305
Wantirna,48580,49745,52000,53558,54515,57176.19806961879,59580.17236604298,61451.3332521121,64158.08828496183,66880.20661134811,69287.6549495252
Wantirna South,47476,48358,50044,51970,53190,55462.974481892656,57930.97470998111,59929.98861555968,62405.25549185804,65089.96137212052,67545.45716964154
Warragul,43528,44973,46695,48743,50491,52573.298820082084,54876.82251002139,57034.18642559911,59355.65868893006,61853.958165127995,64319.4073376161
Warrandyte - Wonga Park,47496,49414,51265,52447,56000,58282.213799069264,59980.22602760263,63018.705539598355,65651.46464301163,67880.19199657682,70842.69472229586
Warrnambool - North,41445,42687,45056,46570,49054,51351.730159641,53196.592028488616,55576.71699284666,58010.15580395504,60219.14669297342,62722.15665089677
Warrnambool - South,39885,41881,44100,46006,47811,50008.75161954872,52137.844375608336,54215.10118845206,56535.28652183376,58890.21863291952,61242.49869499142
Watsonia,53727,55225,56713,59181,61834,63992.9475907135,66613.2370952456,69452.99712308447,72062.17623865913,74910.90632187354,77965.02544481333
Wattle Glen - Diamond Creek,51254,53052,55766,58485,60473,63067.0242494526,65852.81746847699,68286.23127041085,71030.95833967338,73987.81412991701,76809.62025359544
Wendouree - Miners Rest,43074,43870,46094,47530,48664,51111.75835664518,53242.045495377875,55048.05212272892,57528.878483141976,59965.209437337144,62203.09102823446
Werribee - East,45420,46095,47299,48780,49523,51672.2575401628,53982.3063923175,55720.87207256149,58079.90334900778,60636.77281313049,62887.157832212375
Werribee - South,48289,50189,52134,54176,55691,58075.01951767914,60586.68009783443,62753.41830999144,65333.87311064408,68080.22546353369,70667.42937367427
Werribee - West,49679,51094,52971,54621,56065,58547.70064835546,60935.86193147969,63081.75891183292,65744.64503095488,68453.47881701731,71030.7015475625
West Footscray - Tottenham,48954,50000,52000,54199,56846,59085.73321428247,61423.08044356222,64097.435728243356,66642.86466217524,69247.17433629208,72091.82506278524
West Wimmera,34722,35585,35997,36692,41785,42934.38670999969,43682.20245184827,47136.54321106069,48972.23009609269,50271.293862188955,53101.71875608334
West Wodonga,47625,48479,49881,51073,52955,55205.95676753921,57229.596199066866,59517.38480806565,62041.15453068325,64469.00494895664,67033.68386120012
Wheelers Hill,49724,50187,50826,53028,54763,56561.57627632499,59107.739319981694,61447.21103433116,63732.35520902983,66433.68531154082,69107.9076534691
White Hills - Ascot,46946,47229,49913,52189,54298,56757.5617596132,59145.85980322833,61478.4164071567,64048.69018985252,66663.37398736412,69283.09428252972
Whittlesea,47444,48806,50337,50985,53834,56161.04408131686,57760.888538031315,60465.09782685295,63097.70762266371,65285.21098898752,68039.06646323396
Williamstown,59132,60547,63087,64954,66862,69847.61925759443,72524.0248211392,75080.5107885788,78219.7361363314,81302.13128366845,84309.31549441363
Winchelsea,41857,42562,44748,48708,51199,52880.35575405647,55765.86440812247,58244.88156148805,60266.52752056003,62972.54070760987,65641.91448043587
Wollert,50725,50507,52802,54182,54500,57314.11430401503,59798.33049388335,61391.82380760321,64172.70742152531,66984.83671508962,69261.96263276061
Wonthaggi - Inverloch,37718,38399,40466,41802,44860,46859.789797718964,48377.16043562225,50921.156785524996,53139.843627793445,55045.542082226515,57524.501285799175
Woodend,52792,54544,56667,59004,60483,63032.17420202398,65812.88788735497,68070.15574239526,70817.78148874221,73809.74261538562,76554.68602134945
Yackandandah,46007,47157,49284,51332,54316,56502.0255225253,58614.21769923235,61359.38729278836,63835.17961853619,66249.41662014209,69059.37823436307
Yallourn North - Glengarry,50201,50232,52847,54021,55418,58277.11471296388,60437.89960650698,62486.052332258776,65338.356178988215,67946.56861301413,70436.29742650801
Yarra Valley,42402,43568,45626,47181,48313,50657.28739495102,52830.79408916265,54641.58360641263,57058.28222266885,59501.95522121082,61740.468948172456
Yarram,40266,39960,42650,43228,44904,47529.419324807815,49053.429695049614,50953.26973429642,53495.23784650922,55533.11984539554,57691.00499166833
Yarraville,61906,63996,66465,69379,72428,75150.94788045238,78146.97711546154,81342.0594814565,84431.86767089201,87696.03083230206,91150.35419996543
Yarrawonga,40234,40400,41809,43914,45708,47484.60526147626,49661.654458794976,51747.58803993706,53812.17559392004,56123.344342520926,58452.3798634148
Yarriambiack,35901,37036,39000,42076,43823,45495.70928362112,47986.025739296616,49976.07633045033,51873.80365574791,54280.16480086231,56537.349738673205
Yea,39367,39866,41923,43257,46153,48219.10902832214,49815.56463606649,52322.56624239869,54600.4900281293,56587.77671071427,59080.7671068136
