SA2 code,SA2 name,2001 no,2002 no,2003 no,2004 no,2005 no,2006 no,2007 no,2008 no,2009 no,2010 no,2011 no,2012 no,2013 no,2014 no,2015 no,2016 no,2017 no,2018 no,2019 no,2020 no,2021 no,2022 no,2023 no
201011001,Alfredton,5756,6092,6293,6480,6648,6761,7034,7272,7614,7894,8452,9060,9714,10338,11039,11852,12649,13537,14434,15507,16841,18002,18997
201011002,Ballarat,11497,11708,12015,12189,12269,12356,12408,12480,12476,12462,12365,12357,12352,12327,12300,12301,12266,12244,12320,12196,12071,11938,11809
201011005,Buninyong,5320,5399,5557,5620,5857,6037,6131,6252,6431,6595,6725,6854,6984,7082,7191,7311,7409,7418,7458,7377,7229,7247,7323
201011006,Delacombe,4154,4225,4371,4465,4704,5041,5206,5349,5557,5699,5838,6020,6267,6583,6846,7195,7622,8183,8890,9755,10648,11798,12869
201011007,Smythes Creek,3317,3378,3411,3473,3508,3542,3594,3658,3714,3774,3819,3872,3914,3945,3966,3990,4004,4042,4112,4152,4211,4223,4268
201011008,Wendouree - Miners Rest,13355,13255,13161,13095,13028,12963,13033,13334,13718,14104,14473,14625,14707,14746,14779,14826,14940,15067,15174,15261,15312,15388,15431
201011481,Ballarat East - Warrenheip,8018,8066,8080,8061,8057,8049,8197,8326,8450,8664,8814,8901,9008,9074,9186,9321,9466,9536,9632,9650,9654,9641,9628
201011482,Ballarat North - Invermay,12250,12520,12758,12939,13077,13230,13295,13410,13487,13551,13610,13711,13849,13926,14025,14218,14382,14516,14632,14687,14701,14892,15015
201011483,Canadian - Mount Clear,9129,9141,9179,9177,9296,9359,9615,9875,10043,10355,10598,10718,10867,11109,11246,11505,11764,12003,12139,12195,12206,12395,12433
201011484,Sebastopol - Redan,11295,11248,11228,11137,11127,11175,11296,11595,11897,12311,12595,12724,12829,12940,13050,13149,13230,13281,13291,13234,13062,12960,12885
201021009,Bacchus Marsh Surrounds,4900,4929,4948,4993,5048,5070,5138,5242,5387,5536,5672,5754,5819,5852,5903,5982,6096,6222,6350,6466,6533,6541,6639
201021010,Creswick - Clunes,7467,7423,7402,7395,7332,7316,7351,7388,7421,7473,7503,7573,7639,7702,7781,7870,7915,7962,7992,8031,8041,7969,7987
201021011,Daylesford,8201,8161,8119,8160,8037,8046,8059,8227,8434,8536,8589,8701,8829,8934,9018,9117,9243,9389,9548,9729,9874,10003,10085
201021012,Gordon (Vic.),5350,5315,5320,5322,5351,5371,5381,5404,5463,5485,5488,5529,5582,5631,5692,5761,5870,5996,6122,6247,6340,6379,6408
201031013,Avoca,3151,3163,3182,3202,3247,3294,3296,3293,3333,3343,3347,3342,3337,3322,3317,3323,3351,3393,3422,3447,3501,3542,3594
201031014,Beaufort,3809,3801,3800,3809,3821,3838,3843,3852,3869,3882,3886,3955,4047,4172,4317,4454,4486,4448,4543,4606,4621,4612,4709
201031015,Golden Plains - North,3875,3908,3912,3915,3948,3956,3973,3988,4032,4068,4102,4195,4284,4363,4444,4540,4611,4692,4784,4832,4869,4894,4940
201031016,Maryborough (Vic.),7742,7738,7714,7653,7597,7574,7599,7619,7673,7692,7674,7750,7809,7865,7915,8001,8061,8139,8155,8128,8118,8172,8154
201031017,Maryborough Surrounds,5375,5335,5279,5177,5118,5073,5081,5102,5153,5153,5106,5135,5180,5197,5222,5278,5345,5398,5401,5383,5479,5565,5644
202011018,Bendigo,15549,15579,15477,15221,15016,14903,14855,14784,14763,14752,14811,14806,14785,14764,14753,14770,14844,14941,15072,15087,14955,14748,14625
202011019,California Gully - Eaglehawk,9453,9487,9472,9485,9531,9683,9788,9888,10013,10159,10262,10556,11008,11352,11705,12130,12303,12468,12631,12800,12932,13102,13310
202011020,East Bendigo - Kennington,12682,12962,13285,13413,13430,13476,13542,13641,13720,13817,13902,13905,13892,13858,13805,13750,13808,13838,13898,13808,13930,13890,13974
202011021,Flora Hill - Spring Gully,8823,8925,9029,9103,9132,9173,9184,9212,9268,9310,9294,9340,9396,9445,9460,9493,9505,9525,9547,9574,9419,9383,9460
202011022,Kangaroo Flat - Golden Square,16792,16895,17132,17232,17225,17378,17606,17882,18207,18522,18818,19138,19377,19563,19742,19947,20191,20442,20718,20938,21071,21201,21258
202011023,Maiden Gully,2708,2843,3016,3151,3295,3453,3642,3752,3890,4087,4354,4541,4724,4859,4983,5155,5250,5322,5364,5465,5502,5614,5749
202011024,Strathfieldsaye,4134,4331,4668,5054,5310,5597,5927,6246,6568,6823,7095,7400,7678,8012,8355,8775,9125,9483,9901,10312,10679,11027,11271
202011025,White Hills - Ascot,6171,6214,6293,6432,6727,7141,7619,7908,8171,8508,8804,9312,9912,10604,11232,11914,12479,12996,13580,14039,14452,14906,15236
202021026,Bendigo Surrounds - South,4976,5097,5227,5421,5557,5695,5827,5954,6113,6169,6265,6412,6574,6772,7020,7346,7580,7797,7926,8158,8311,8574,8808
202021027,Castlemaine,9358,9433,9570,9592,9603,9626,9691,9746,9794,9860,9920,10006,10134,10308,10545,10770,10888,11015,11146,11277,11291,11347,11495
202021028,Castlemaine Surrounds,7724,7736,7804,7830,7871,7909,7982,8122,8180,8253,8281,8344,8408,8484,8539,8621,8699,8782,8858,8974,9147,9298,9397
202021029,Heathcote,3895,3901,3918,3967,3966,3962,3974,4004,4043,4083,4110,4207,4290,4368,4452,4529,4608,4695,4790,4902,5026,5157,5261
202021030,Kyneton,7941,7987,8013,8099,8194,8243,8367,8495,8668,8785,8895,9136,9327,9503,9656,9782,9923,10070,10219,10371,10499,10562,10571
202021031,Woodend,5915,5972,5974,6001,6058,6120,6178,6248,6385,6437,6579,6618,6707,6827,6908,7043,7222,7406,7594,7712,7911,7992,8044
202031032,Bendigo Surrounds - North,3900,3930,3964,4014,4060,4073,4073,4089,4134,4168,4192,4226,4258,4299,4351,4413,4509,4615,4711,4799,4908,5022,5154
202031033,Loddon,8033,7954,7851,7703,7606,7513,7464,7397,7324,7234,7111,7103,7093,7083,7085,7098,7110,7137,7165,7190,7233,7274,7256
203011034,Bannockburn,2569,2723,2970,3182,3440,3587,3825,4078,4313,4527,4754,5121,5584,5910,6192,6549,6881,7130,7362,7608,7738,7958,8143
203011035,Golden Plains - South,5111,5110,5184,5361,5494,5581,5630,5732,5882,6072,6283,6416,6580,6681,6786,6937,7117,7327,7552,7774,8074,8246,8467
203011036,Winchelsea,5418,5436,5441,5491,5487,5508,5545,5615,5724,5756,5788,5794,5801,5803,5805,5824,5890,5995,6152,6358,6585,6675,6781
203021037,Belmont,14160,14015,13901,13790,13683,13631,13630,13666,13705,13805,13910,13968,14012,14086,14175,14312,14599,14754,14975,15096,15000,14949,14993
203021039,Geelong,11944,11954,11984,12021,12027,11996,12078,12151,12237,12342,12422,12550,12692,12834,12955,13077,13207,13337,13439,13498,13487,13543,13649
203021040,Geelong West - Hamlyn Heights,18634,18687,18675,18562,18462,18504,18574,18754,18939,19092,19247,19354,19476,19588,19756,20021,20230,20511,20809,21145,21255,21377,21846
203021042,Highton,15469,15990,16503,16923,17313,17726,18100,18480,18991,19449,19834,20397,21148,21858,22390,22794,23074,23463,23807,23858,24091,24593,25142
203021043,Lara,13075,13665,14004,14213,14417,14684,14878,15100,15283,15503,15861,16507,17078,17546,17996,18587,19152,19778,20283,20575,20859,21365,22090
203021044,Leopold,8074,8428,8725,8877,8965,9067,9065,9219,9485,9784,10230,10726,11369,11985,12544,13140,13359,13411,13319,13279,13220,13330,13516
203021045,Newcomb - Moolap,13933,14167,14375,14545,14663,14676,14706,14758,14801,14885,14962,14956,14927,14880,14858,14873,15011,15156,15417,15478,15410,15291,15197
203021046,Newtown (Vic.),9774,9769,9787,9800,9807,9827,9857,9885,9913,9968,10030,10073,10205,10273,10368,10483,10556,10607,10624,10555,10408,10305,10362
203021047,North Geelong - Bell Park,13578,13666,13712,13759,13801,13834,13919,14045,14195,14361,14487,14478,14496,14558,14710,15040,15306,15484,15851,15848,15741,15721,15718
203021485,Charlemont,1177,1204,1219,1232,1231,1297,1357,1437,1546,1631,1866,2031,2354,2699,3209,3670,4770,6042,7363,8832,10329,11863,12731
203021486,Corio - Lovely Banks,17178,17247,17258,17216,17116,17202,17381,17546,17691,17812,17881,17869,17888,17903,17949,18098,18323,18457,18558,18587,18356,18254,18401
203021487,Grovedale - Mount Duneed,13320,13859,14369,14906,15636,16232,16760,17262,17652,18061,18270,18333,18428,18549,18995,20120,21128,22111,22905,23903,24827,25830,26663
203021488,Norlane,9267,9137,9005,8846,8652,8482,8444,8433,8442,8518,8588,8656,8729,8799,8857,8931,8996,9023,9060,9070,9040,8951,8950
203031048,Clifton Springs,10204,10546,10665,10781,10945,11036,11184,11350,11558,11735,11866,11992,12248,12591,13074,13593,14150,14763,15580,16143,16729,17118,17514
203031049,Lorne - Anglesea,4748,4791,4822,4816,4818,4799,4871,4989,5073,5123,5151,5165,5184,5195,5211,5261,5382,5524,5679,5892,6192,6273,6215
203031051,Portarlington,5391,5455,5558,5599,5716,5681,5863,5978,6186,6400,6647,6880,7042,7139,7276,7517,7775,8092,8417,8886,9460,9928,10282
203031052,Point Lonsdale - Queenscliff,4124,4152,4150,4130,4101,4130,4126,4150,4158,4175,4164,4176,4188,4201,4218,4249,4418,4592,4780,5123,5459,5595,5725
203031053,Torquay,10225,10625,10853,11058,11292,11758,12472,13221,14011,14743,15497,16337,17006,17641,18365,19131,20046,20996,22149,23346,24636,25466,26034
203031489,Barwon Heads - Armstrong Creek,3388,3511,3568,3691,3774,3868,3959,4057,4189,4272,4449,5056,5711,6422,7200,7991,8663,9340,10023,10708,11326,12202,13295
203031490,Ocean Grove,12208,12600,12765,12859,12954,12949,13232,13509,13757,14077,14393,14416,14580,15013,15547,16186,16814,17430,18117,18766,19393,19850,20220
204011054,Alexandra,6263,6248,6250,6251,6267,6271,6299,6279,6250,6219,6219,6270,6298,6349,6404,6474,6550,6646,6687,6690,6771,6794,6836
204011055,Euroa,6188,6164,6139,6102,6047,6019,6040,6035,6015,6017,6002,6056,6104,6175,6247,6316,6429,6548,6660,6777,6866,6884,6862
204011056,Kilmore - Broadford,8889,9094,9548,9919,10237,10406,10798,11016,11257,11685,12038,12468,12883,13271,13642,14098,14392,14691,15109,15330,15523,15779,16130
204011057,Mansfield (Vic.),6907,6982,7037,7158,7408,7601,7707,7865,8026,8144,8202,8357,8533,8652,8788,8935,9168,9440,9720,10116,10463,10683,10905
204011058,Nagambie,3311,3309,3352,3368,3369,3424,3468,3500,3538,3580,3621,3693,3768,3849,3936,4048,4106,4190,4251,4388,4509,4635,4716
204011059,Seymour,6987,6888,6860,6773,6670,6570,6551,6513,6524,6526,6518,6507,6473,6432,6407,6403,6433,6477,6516,6538,6546,6577,6665
204011060,Seymour Surrounds,4213,4230,4243,4230,4195,4145,4210,4218,4222,4246,4252,4261,4315,4462,4469,4487,4555,4598,4607,4608,4633,4584,4566
204011061,Upper Yarra Valley,173,176,177,179,184,187,194,202,213,219,221,213,206,199,192,184,193,206,215,224,240,244,247
204011062,Yea,3497,3547,3563,3552,3540,3573,3563,3537,3477,3428,3446,3448,3469,3496,3534,3606,3698,3803,3907,4019,4142,4257,4297
204021063,Benalla,10247,10272,10289,10303,10306,10310,10317,10340,10375,10425,10471,10470,10468,10451,10425,10420,10484,10553,10620,10699,10753,10745,10799
204021064,Benalla Surrounds,3632,3605,3574,3513,3457,3445,3451,3438,3452,3439,3415,3437,3469,3507,3559,3623,3636,3677,3688,3753,3754,3796,3809
204021065,Rutherglen,3432,3462,3494,3534,3572,3626,3661,3693,3716,3731,3739,3768,3795,3818,3857,3907,3934,3976,4012,4029,4021,4056,4116
204021066,Wangaratta,17109,17123,17136,17175,17223,17320,17419,17541,17676,17837,17980,18144,18294,18437,18624,18940,19193,19471,19624,19716,19884,19969,19969
204021067,Wangaratta Surrounds,9151,9218,9242,9289,9385,9456,9452,9464,9435,9363,9232,9294,9356,9425,9519,9652,9758,9798,9815,9801,9867,9946,10033
204031068,Beechworth,4216,4208,4202,4190,4184,4180,4197,4214,4230,4260,4289,4354,4412,4463,4541,4632,4735,4801,4872,4936,4953,4912,4935
204031069,Bright - Mount Beauty,8111,8110,8073,7995,7940,7874,7838,7826,7813,7841,7875,7970,8052,8120,8179,8299,8400,8529,8597,8739,8857,8905,8915
204031070,Chiltern - Indigo Valley,2904,2922,2923,2925,2957,2952,2903,2905,2912,2906,2907,2934,2974,3005,3055,3117,3116,3118,3148,3165,3157,3200,3230
204031071,Myrtleford,4714,4712,4721,4722,4734,4733,4722,4682,4642,4601,4560,4594,4623,4651,4689,4742,4738,4734,4736,4734,4717,4696,4663
204031072,Towong,6204,6185,6137,6124,6091,6083,6055,6035,6038,5989,5890,5910,5931,5952,5974,6014,6045,6078,6117,6142,6156,6168,6213
204031073,West Wodonga,12929,13263,13640,14041,14126,14104,14211,14351,14465,14610,14749,14901,15008,15072,15111,15181,15205,15249,15304,15364,15364,15471,15584
204031075,Yackandandah,3997,4062,4142,4189,4261,4335,4329,4349,4410,4435,4433,4461,4489,4511,4536,4578,4662,4778,4906,5052,5189,5329,5455
204031491,Baranduda - Leneva,3982,4224,4453,4725,4883,5065,5253,5422,5733,6061,6533,6994,7549,8128,8744,9304,10066,10745,11372,12046,12790,13365,13878
204031492,Wodonga,15053,14994,14902,14762,14588,14426,14373,14384,14456,14616,14743,14863,15018,15169,15368,15615,15566,15547,15408,15256,15053,14880,14814
205011076,Drouin,9882,10015,10130,10340,10472,10734,11020,11315,11832,12599,13323,14046,14678,15201,15787,16435,17117,17780,18447,19198,19800,20542,21180
205011077,Mount Baw Baw Region,5736,5750,5762,5801,5815,5857,5890,5914,5992,6036,6053,6059,6069,6073,6078,6095,6172,6260,6358,6436,6544,6634,6689
205011078,Trafalgar (Vic.),6112,6066,6067,6022,5990,6051,6189,6374,6625,6947,7166,7270,7394,7513,7656,7828,7985,8060,8110,8169,8319,8451,8488
205011079,Warragul,14203,14327,14501,14654,14959,15275,15561,15902,16225,16632,16964,17284,17635,18004,18466,19088,19766,20501,21283,22099,23098,23787,24417
205021080,Alps - East,0,0,0,0,0,0,0,0,0,0,0,0,0,0,0,3,3,3,3,3,0,0,0
205021081,Bairnsdale,12080,12108,12189,12342,12462,12662,12846,13001,13126,13320,13458,13680,13894,14157,14524,14899,15170,15405,15547,15563,15653,15780,15819
205021082,Bruthen - Omeo,6909,6979,7028,7125,7248,7341,7340,7330,7337,7348,7380,7498,7599,7695,7781,7902,7965,8016,8060,8128,8245,8406,8499
205021083,Lake King,0,0,0,0,0,0,0,0,0,0,0,0,0,0,0,0,0,0,0,0,0,0,0
205021084,Lakes Entrance,8343,8447,8486,8585,8669,8759,8891,9076,9272,9453,9642,9762,9852,9901,9949,10038,10213,10424,10647,10873,11095,11183,11251
205021085,Orbost,7047,6975,6939,6926,6902,6865,6851,6840,6828,6813,6800,6746,6691,6604,6528,6497,6507,6533,6570,6619,6693,6697,6685
205021086,Paynesville,4638,4763,4838,4947,5008,5074,5196,5300,5462,5570,5654,5761,5887,6034,6200,6374,6455,6599,6740,6796,6902,6994,7051
205031087,Foster,8272,8242,8198,8173,8167,8170,8172,8189,8211,8240,8266,8429,8564,8666,8774,8897,8973,9028,9124,9290,9378,9442,9507
205031088,French Island,90,91,92,91,92,92,96,101,104,108,113,113,113,114,114,114,119,124,128,133,138,143,140
205031089,Korumburra,7981,8013,8070,8125,8185,8246,8328,8406,8528,8650,8819,8915,9015,9088,9167,9253,9347,9451,9593,9758,9787,9917,9894
205031090,Leongatha,9791,9804,9909,9953,10026,10029,10118,10240,10393,10535,10678,10835,10939,11006,11077,11202,11236,11328,11416,11437,11439,11562,11643
205031091,Phillip Island,7361,7585,7838,7967,8260,8303,8573,8880,9193,9500,9657,9802,9946,10104,10334,10686,11282,11902,12472,13075,13736,14074,14273
205031092,Wilsons Promontory,13,13,13,13,13,13,13,13,14,14,14,14,14,13,13,13,13,14,14,15,15,15,15
205031093,Wonthaggi - Inverloch,17647,17801,17956,18117,18250,18359,18602,18891,19168,19787,20396,20801,21181,21611,22039,22577,23285,23994,24777,25684,26745,27540,28254
205041094,Churchill,11430,11365,11289,11232,11220,11218,11265,11327,11385,11489,11568,11567,11579,11576,11574,11594,11613,11642,11693,11781,11858,11982,12095
205041095,Moe - Newborough,17061,17105,17132,17090,16975,16915,16795,16787,16771,16876,16955,16916,16888,16843,16815,16840,16916,17002,17097,17204,17272,17321,17350
205041096,Morwell,14345,14268,14150,14001,13944,13936,13984,14053,14108,14207,14302,14265,14204,14111,14049,14024,14049,14108,14175,14284,14400,14426,14455
205041098,Yallourn North - Glengarry,4579,4573,4527,4522,4491,4479,4453,4464,4478,4490,4477,4503,4525,4547,4585,4643,4639,4627,4632,4657,4693,4735,4820
205041493,Traralgon - East,9696,9838,10004,10217,10430,10648,10836,10969,11127,11297,11487,11512,11524,11525,11532,11602,11696,11780,11862,11926,11970,12133,12202
205041494,Traralgon - West,12324,12401,12511,12611,12792,13196,13520,13919,14254,14547,14820,15054,15226,15363,15544,15759,16023,16274,16509,16706,16774,16963,17082
205051099,Alps - West,26,26,26,26,26,25,26,27,27,28,29,28,27,26,25,24,24,24,23,23,23,23,23
205051100,Longford - Loch Sport,3830,3782,3751,3721,3700,3685,3730,3769,3806,3861,3902,4008,4103,4184,4269,4367,4449,4528,4663,4788,4906,4950,4966
205051101,Maffra,13002,12976,12958,12984,13023,13076,13157,13263,13371,13488,13595,13689,13739,13804,13873,13973,14132,14257,14418,14598,14698,14937,15178
205051102,Rosedale,4441,4428,4402,4386,4354,4348,4357,4407,4508,4573,4664,4699,4727,4742,4759,4791,4856,4900,4920,4870,4912,4870,4888
205051103,Sale,13676,13673,13685,13724,13820,13942,14019,14134,14222,14315,14441,14568,14666,14729,14781,14891,14914,14988,15075,15173,15264,15329,15363
205051104,Yarram,5686,5626,5560,5491,5465,5449,5453,5443,5451,5419,5329,5335,5345,5349,5351,5371,5403,5437,5474,5545,5555,5588,5580
206011106,Brunswick East,7263,7304,7329,7514,7658,7803,8058,8313,8586,8789,8966,9208,9870,10439,11062,11716,12154,12392,12602,13064,12964,13309,13765
206011107,Brunswick West,12415,12404,12449,12527,12609,12746,12946,13232,13580,13741,13864,13963,14057,14192,14344,14523,14556,14695,14854,15010,14497,14697,15196
206011109,Pascoe Vale South,8841,8860,8894,8967,9070,9206,9318,9445,9678,9810,9860,9954,10038,10122,10251,10465,10698,10834,10873,10836,10463,10420,10628
206011495,Brunswick - North,11278,11235,11210,11219,11237,11243,11364,11510,11686,11856,11981,12254,12548,12922,13225,13581,13728,13928,14022,14124,13077,13266,14057
206011496,Brunswick - South,9383,9671,9805,9928,10147,10412,10780,11131,11424,11690,12006,12402,12836,13233,13574,13854,13984,14200,14336,14235,13208,13378,14273
206011497,Coburg - East,9812,10025,10168,10372,10665,10892,11163,11504,11900,12039,12236,12483,12655,12852,13023,13286,13332,13379,13397,13265,12675,12959,13542
206011498,Coburg - West,13104,13112,13162,13212,13333,13461,13609,13815,13941,13976,13998,14057,14188,14275,14397,14516,14629,14698,14628,14523,14184,14112,14527
206021110,Alphington - Fairfield,7885,7924,7951,7976,8032,8105,8189,8270,8377,8506,8561,8706,8827,8944,9134,9434,9473,9415,9467,9538,9069,9163,9491
206021112,Thornbury,17056,17084,17084,17118,17193,17368,17622,17880,18064,18177,18258,18484,18773,18985,19254,19578,19720,19714,19729,19791,19153,19189,19615
206021499,Northcote - East,12844,12873,12916,13030,13171,13409,13667,13985,14409,14615,14727,14881,15132,15431,15686,15895,16007,16089,16165,16183,15229,15142,15558
206021500,Northcote - West,8306,8371,8453,8537,8646,8811,9059,9297,9412,9455,9425,9538,9850,10120,10306,10529,10634,10815,10870,10887,10424,10487,10731
206031113,Ascot Vale,12516,12595,12645,12693,12782,12890,13275,13671,13914,14012,14135,14309,14491,14870,15219,15497,15683,15752,15774,15784,15351,15191,15728
206031115,Flemington,8063,8071,8018,8124,8240,8410,8661,8841,9030,9261,9547,9791,10068,10311,10531,10734,10666,10654,10460,10270,9181,9199,9782
206031116,Moonee Ponds,12608,12691,12777,12830,12971,13123,13287,13618,14014,14164,14168,14436,14666,14820,14949,15158,15495,15778,16093,16639,16400,16591,17203
206031501,Essendon (West) - Aberfeldie,13659,13645,13650,13673,13776,13908,14043,14215,14416,14617,14803,15048,15304,15730,16160,16676,16833,16935,16974,16920,16175,16185,16628
206031502,Essendon - East,10309,10288,10275,10352,10391,10487,10540,10639,10846,10958,11042,11121,11327,11574,11905,12270,12507,12611,12698,12763,12314,12297,12664
206041117,Carlton,9529,10022,10611,11224,11924,12737,13509,14133,14687,14926,15122,15605,16719,17843,18983,20242,20651,20831,21029,20865,17064,18057,21376
206041118,Docklands,154,926,1913,3089,3779,4152,4592,5040,5402,5780,6196,6802,7988,9170,10444,11832,13922,15436,16369,16671,15905,16491,17723
206041119,East Melbourne,3731,3859,4243,4460,4495,4555,4806,5055,5202,5272,5238,5280,5333,5374,5411,5475,5496,5412,5416,5383,4959,4889,5100
206041120,Flemington Racecourse,37,42,46,50,56,63,68,73,79,83,86,87,88,89,90,91,88,86,83,81,78,78,78
206041121,Kensington (Vic.),7686,8007,8155,8605,8830,9013,9481,9828,10158,10230,10259,10487,10762,11030,11291,11530,11540,11493,11611,11416,10872,11011,11404
206041124,Parkville,5332,5327,5253,5201,5157,5270,5649,6000,6331,6482,6551,6872,7174,7447,7682,7898,8182,8242,8291,8318,7428,7475,8003
206041125,South Yarra - West,5317,5233,5176,5183,5289,5538,5837,6118,6380,6418,6426,6400,6393,6397,6405,6453,6833,6957,7055,6960,6536,6573,6789
206041127,West Melbourne - Industrial,0,0,0,0,0,0,0,0,0,0,0,0,0,0,0,3,3,3,3,0,0,0,0
206041503,Melbourne CBD - East,3997,4794,5457,6015,6422,6620,6875,7182,7469,7716,7939,8374,9646,10455,11049,11633,11881,12322,12530,12346,10119,10687,12408
206041504,Melbourne CBD - North,1657,2282,2969,3389,3930,4008,4349,4738,5286,5900,6401,7880,9591,11297,12895,14230,15801,17131,18365,19155,17360,18876,21566
206041505,Melbourne CBD - West,1990,2516,2974,3323,3940,4621,5001,5405,5996,6766,7475,8628,10413,11874,13218,14318,16888,18101,18750,18796,16098,17343,20027
206041506,North Melbourne,9226,9436,9680,10078,10375,10642,11061,11393,11822,12197,12629,13321,14175,14809,15556,16464,17002,17585,17941,18154,15945,16609,18017
206041507,Royal Botanic Gardens Victoria,0,0,0,0,0,0,0,0,0,0,0,0,0,0,0,0,0,0,0,0,0,0,0
206041508,Southbank (West) - South Wharf,1502,2007,2425,2812,3127,3332,3897,4424,4668,4757,4759,5350,6091,6453,6798,7258,7445,7558,7697,7551,6607,6827,7418
206041509,Southbank - East,2828,3638,4677,5355,5970,6531,6800,6984,7263,7373,7415,8396,9873,10902,11828,13030,14132,15595,16705,17305,16506,17372,18748
206041510,West Melbourne - Residential,2413,2503,2570,2748,2903,3072,3216,3419,3587,3678,3732,4091,4461,4835,5223,5642,6084,6598,7091,7567,7614,8026,8724
206051128,Albert Park,12368,12595,12800,12997,13269,13550,13731,13928,14245,14595,15009,15142,15282,15592,16053,16490,16500,16728,17081,16955,16011,16177,16861
206051129,Elwood,13342,13500,13683,13934,14216,14477,14790,15076,15425,15552,15666,15807,15910,16063,16145,16382,16388,16268,16202,15925,15032,14888,15459
206051130,Port Melbourne,10903,11794,12515,13037,13543,14049,14577,14958,15315,15363,15413,15964,16498,16915,17254,17469,17494,17354,17310,16998,16366,16390,16782
206051134,St Kilda East,15095,15348,15462,15604,15725,15847,15948,16157,16480,16653,16686,16755,16912,17139,17315,17613,17568,17655,17715,17259,16073,16005,16758
206051511,Port Melbourne Industrial,40,40,44,43,43,43,48,52,59,65,71,79,88,92,99,110,375,785,1283,1709,1944,2229,2493
206051512,South Melbourne,8498,8740,8986,9341,9498,9685,9925,10085,10297,10349,10340,10927,11452,11901,12177,12407,12512,12716,12764,12721,11856,11884,12512
206051513,St Kilda - Central,8558,8675,8836,8965,9145,9340,9650,9924,10268,10494,10751,11323,11798,12234,12561,13014,13315,13589,13676,13380,12086,12256,13186
206051514,St Kilda - West,11250,11528,11844,12096,12392,12650,12821,12994,13183,13304,13340,13910,14229,14526,14788,15152,15378,15650,15767,15648,14090,14282,15480
206061135,Armadale,8632,8683,8724,8770,8783,8863,8990,9148,9260,9318,9301,9308,9338,9387,9485,9619,9635,9906,10044,10075,9433,9376,9769
206061136,Prahran - Windsor,16588,16724,16820,17117,17358,17594,17921,18299,18583,18695,18738,19401,19977,20481,20834,21275,21371,21286,21092,20847,19444,19291,20268
206061138,Toorak,13318,13367,13455,13563,13672,13765,13861,13956,13979,13939,13768,13795,13841,13878,13939,14036,13964,13957,13916,13644,13096,13127,13337
206061515,South Yarra - North,4941,5373,5520,5638,5821,5998,6076,6143,6309,6306,6320,7357,8102,9102,9996,11142,11635,12067,12252,12223,11449,11798,12938
206061516,South Yarra - South,7981,8068,8106,8193,8289,8408,8496,8717,8983,9260,9458,9759,9960,10280,10591,11208,11515,11763,11805,11285,10097,9958,10508
206071139,Abbotsford,4150,4339,4444,4452,4498,4537,4638,4727,4833,5029,5213,5544,6539,7411,8078,8770,9291,9527,9594,9672,9258,9513,10008
206071140,Carlton North - Princes Hill,8433,8450,8457,8484,8525,8586,8692,8747,8761,8801,8786,8800,8835,8893,8964,9058,9026,9025,8994,8899,8290,8158,8531
206071141,Collingwood,5221,5419,5537,5602,5653,5761,5939,6185,6454,6684,6867,7209,7427,8022,8582,9235,9444,9605,9829,9969,9351,9679,10485
206071142,Fitzroy,8315,8503,8641,8772,8961,9241,9596,9857,10050,10238,10214,10507,10705,10880,11056,11259,11330,11373,11373,11299,10608,10812,11484
206071143,Fitzroy North,11130,11162,11202,11275,11486,11606,11725,11937,12104,12163,12143,12312,12446,12658,12901,13129,13253,13336,13529,13659,12945,12973,13382
206071145,Clifton Hill - Alphington,7673,7687,7739,7833,7909,8034,8225,8372,8519,8595,8621,8814,9001,9237,9449,9606,9679,9768,9993,10163,9978,10280,10973
206071517,Richmond (South) - Cremorne,14216,14405,14596,14729,14883,15100,15256,15529,15919,16074,16189,16672,17106,17621,17971,18420,18744,18963,19082,18929,17977,17857,18684
206071518,Richmond - North,10156,10267,10340,10498,10627,10783,11057,11245,11393,11509,11652,12202,12710,13315,13751,14266,14546,14771,15077,15025,14074,14073,14884
207011146,Ashburton (Vic.),7022,7084,7138,7189,7266,7286,7477,7618,7733,7834,7875,7912,7948,7970,8018,8104,8178,8249,8298,8309,8021,7952,8160
207011147,Balwyn,15317,15393,15462,15541,15694,15879,15988,16084,16187,16272,16314,16319,16382,16477,16573,16679,16920,17081,17156,17031,16323,16319,16725
207011148,Balwyn North,19958,20043,20099,20172,20289,20412,20532,20657,20753,20815,20850,21005,21155,21245,21332,21440,21618,21780,21935,21930,21406,21322,21883
207011149,Camberwell,20073,20112,20126,20144,20202,20218,20339,20479,20701,20822,20918,21144,21381,21739,22179,22646,22799,22812,22839,22604,21500,21286,21813
207011150,Glen Iris - East,15114,15220,15283,15376,15526,15625,15865,16228,16485,16609,16634,16817,16962,17034,17075,17182,17356,17419,17511,17375,17006,16890,17228
207011152,Hawthorn East,12912,13172,13343,13423,13505,13626,13835,14022,14241,14369,14417,14531,14732,15066,15601,16192,16470,16676,16756,16698,15881,16115,16878
207011154,Kew East,6115,6137,6141,6156,6201,6239,6305,6407,6484,6519,6552,6581,6627,6679,6742,6855,6845,6786,6784,6783,6555,6572,6636
207011155,Surrey Hills (West) - Canterbury,15952,15975,15984,16035,16122,16206,16314,16451,16570,16608,16633,16695,16792,16864,16963,17126,17121,17139,17097,16786,16083,15908,16182
207011519,Hawthorn - North,9389,9467,9534,9632,9733,9785,9902,10092,10323,10474,10589,10677,10929,11112,11234,11364,11356,11280,11076,10862,10017,10055,10560
207011520,Hawthorn - South,10322,10345,10435,10550,10593,10746,10961,10999,11147,11247,11424,11679,12117,12517,12813,13184,13381,13508,13623,13360,12137,12284,12921
207011521,Kew - South,11591,11562,11548,11597,11642,11682,11737,11948,12028,12054,12047,12110,12191,12396,12522,12605,12629,12649,12597,12385,11717,11741,12113
207011522,Kew - West,12481,12376,12205,12070,11954,11901,12053,12423,12632,12703,12809,13013,13269,13561,13701,13899,13977,14007,13991,13752,13143,13188,13438
207021156,Bulleen,11057,11070,11046,10990,10920,10867,11013,11136,11290,11350,11376,11397,11434,11468,11504,11565,11585,11631,11626,11657,11370,11434,11647
207021157,Doncaster,18365,18506,18540,18562,18562,18599,18717,18834,19015,19131,19343,19659,20097,20505,21076,21885,22707,23236,24172,25118,25173,25683,26905
207021159,Templestowe,17182,17209,17187,17171,17178,17208,17267,17314,17376,17371,17344,17381,17427,17469,17550,17682,17713,17680,17674,17548,17101,17164,17457
207021160,Templestowe Lower,13634,13614,13550,13486,13460,13505,13590,13687,13781,13816,13792,13844,13914,14006,14155,14305,14403,14419,14441,14581,14280,14346,14445
207021424,Doncaster East - North,15248,15199,15102,15074,15042,15035,15025,15039,15036,15033,15013,15020,15055,15146,15242,15328,15513,15713,15952,16144,15786,15787,16178
207021425,Doncaster East - South,11912,12011,12125,12182,12288,12404,12718,13017,13234,13284,13343,13558,13733,14019,14302,14596,14928,15120,15766,15942,15593,15725,16300
207031161,Blackburn,19123,19128,19119,19121,19210,19317,19534,19999,20332,20490,20635,20920,21247,21503,21850,22291,22602,22743,22931,23032,22356,22331,22928
207031162,Blackburn South,10608,10574,10557,10546,10530,10588,10668,10760,10873,10958,10975,10982,11010,11046,11101,11229,11297,11354,11383,11342,11019,10950,11047
207031163,Box Hill,15447,15552,15629,15766,16109,16476,17012,17414,17965,18218,18240,18697,19169,19618,20170,20839,21753,22696,23432,24118,23212,23829,25286
207031164,Box Hill North,15780,15820,15843,15915,16038,16224,16447,16699,16973,17051,17036,17239,17543,17940,18205,18466,18563,18662,18761,18903,18292,18396,19021
207031165,Burwood (Vic.),9807,9841,9856,9957,10048,10227,10363,10650,10936,11150,11327,11564,11846,12174,12493,12900,13251,13392,13448,13468,12522,12932,14001
207031166,Burwood East,10180,10140,10145,10165,10183,10239,10312,10408,10525,10572,10614,10636,10667,10685,10713,10772,10840,10898,10974,11053,10774,11096,11885
207031167,Surrey Hills (East) - Mont Albert,9243,9271,9414,9466,9522,9643,9832,10014,10150,10207,10145,10164,10228,10288,10356,10456,10562,10661,10747,10666,10251,10326,10645
208011168,Beaumaris,12763,12768,12729,12715,12721,12767,12877,13123,13264,13351,13375,13472,13631,13831,13995,14250,14275,14434,14404,14362,14123,14026,14227
208011169,Brighton (Vic.),21029,21084,21141,21190,21244,21360,21669,21940,22264,22441,22526,22651,22989,23467,23933,24353,24493,24545,24463,24136,23044,22925,23547
208011170,Brighton East,14355,14585,14782,14876,15011,15265,15460,15739,15958,16060,16087,16216,16372,16473,16585,16718,16799,16915,16993,17010,16692,16727,17045
208011171,Highett (West) - Cheltenham,9657,9672,9677,9701,9750,9837,10008,10228,10431,10523,10544,10696,10817,11050,11226,11463,11760,12149,12362,12601,12543,12551,12764
208011172,Hampton,16026,16083,16174,16237,16326,16568,16790,17042,17302,17471,17699,17838,17999,18165,18345,18611,18735,18819,18912,18997,18405,18508,18828
208011173,Sandringham - Black Rock,14432,14525,14585,14675,14821,15010,15237,15463,15631,15748,15888,16098,16444,16811,17184,17517,17603,17761,17994,17912,17521,17504,17861
208021174,Bentleigh - McKinnon,19086,19273,19555,19839,20072,20409,20784,21203,21612,21819,21951,22388,22759,23067,23295,23586,24149,24600,25177,25447,25202,25471,26178
208021176,Carnegie,14982,15086,15136,15257,15477,15659,16003,16289,16742,16915,17047,17367,17775,18192,18645,19091,19288,19551,19686,19676,18791,18939,20080
208021177,Caulfield - North,18975,19149,19188,19227,19463,19698,19875,20101,20385,20583,20703,20930,21277,21614,21956,22288,22849,23040,23169,23399,22723,23062,23932
208021178,Caulfield - South,15636,15699,15815,16044,16262,16508,16599,16859,17098,17177,17227,17430,17636,17921,18156,18393,18557,18742,18805,18714,18228,18241,18653
208021179,Elsternwick,10340,10373,10415,10493,10527,10668,10878,11031,11199,11278,11292,11352,11476,11687,11825,12110,12242,12417,12516,12509,12030,12121,12455
208021180,Hughesdale,6382,6382,6440,6569,6636,6764,7045,7253,7465,7485,7384,7528,7648,7748,7882,8038,8057,7996,7927,7957,7642,7664,7933
208021181,Murrumbeena,8004,8083,8117,8262,8387,8548,8744,8896,8977,8990,8983,9143,9283,9458,9640,9809,9894,9897,9878,9771,9467,9546,9781
208021182,Ormond - Glen Huntly,10915,11024,11025,11131,11288,11703,12049,12369,12695,12835,12967,13205,13403,13597,13742,14057,14134,14212,14261,14198,13280,13426,14038
208021426,Bentleigh East - North,12594,12654,12716,12877,13023,13194,13413,13706,14046,14152,14196,14411,14648,14930,15198,15482,15714,15986,16411,16815,16758,16898,17258
208021427,Bentleigh East - South,11814,11856,11849,11907,11986,12087,12179,12446,12660,12766,12786,12890,13003,13228,13467,13767,13875,13944,14033,14127,14159,14120,14462
208031183,Aspendale Gardens - Waterways,5561,6096,6421,6683,6971,7365,7857,8269,8818,8987,9109,9216,9281,9358,9366,9427,9398,9377,9325,9188,8922,8912,9012
208031184,Braeside,14,14,14,14,14,14,15,16,18,19,20,28,36,44,52,60,54,47,41,34,28,28,28
208031185,Carrum - Patterson Lakes,10278,10560,10689,10740,10808,10864,11020,11382,11623,11700,11664,11676,11743,11844,11953,12111,12220,12333,12333,12269,12115,12174,12352
208031186,Chelsea - Bonbeach,11598,11683,11754,11758,11849,11970,12268,12580,13030,13277,13441,13680,13914,14091,14396,14833,15057,15210,15317,15426,15317,15361,15601
208031187,Chelsea Heights,5440,5394,5333,5301,5297,5248,5263,5299,5333,5349,5329,5358,5391,5443,5485,5538,5556,5564,5586,5562,5426,5375,5379
208031188,Highett (East) - Cheltenham,19727,19689,19669,19731,19817,19969,20271,20425,20898,21083,21192,21556,22048,22533,22962,23449,23759,24239,24520,24808,24354,24555,25282
208031189,Edithvale - Aspendale,11587,11585,11580,11613,11627,11669,11803,11984,12223,12365,12488,12645,12784,12907,13152,13376,13438,13627,13823,13778,13669,13661,13915
208031190,Mentone,11561,11506,11474,11514,11524,11571,11682,11728,11936,12046,12224,12573,12768,13031,13332,13695,13784,13813,13883,13856,13303,13370,13727
208031191,Moorabbin - Heatherton,6484,6755,7162,7522,7707,7925,8113,8164,8262,8283,8368,8487,8607,8763,8952,9253,9397,9460,9536,9450,9197,9220,9426
208031192,Moorabbin Airport,0,0,0,0,0,0,0,0,0,0,0,0,0,0,0,0,5,10,16,21,26,26,26
208031193,Mordialloc - Parkdale,16326,16781,17205,17459,17788,18126,18466,18836,19297,19437,19448,19832,20077,20316,20560,20969,21082,21358,21714,21782,21429,21419,21889
208041194,Malvern - Glen Iris,18525,18571,18728,18876,18966,19120,19276,19730,20108,20235,20279,20519,20729,20898,21009,21148,21229,21378,21592,21457,20469,20559,21348
208041195,Malvern East,19439,19584,19681,19904,20004,20308,20608,20848,20964,20975,20989,21271,21540,21868,22174,22575,22785,22983,23099,23079,22202,22415,23167
209011196,Bundoora - East,8890,8941,9004,9065,9193,9325,9447,9636,9836,9906,9888,9948,9997,10057,10136,10292,10312,10359,10372,10295,9920,9841,10024
209011197,Greensborough,21359,21126,20956,20687,20656,20717,20828,20909,20963,20995,20987,21008,21072,21140,21224,21348,21413,21460,21476,21373,20995,20855,20980
209011198,Heidelberg - Rosanna,12805,12856,12848,12813,12922,13063,13388,13544,13935,14098,14215,14498,14804,15047,15245,15532,15898,16154,16498,16650,16202,16317,16598
209011199,Heidelberg West,13300,13246,13234,13170,13224,13271,13385,13480,13694,13798,13984,14121,14267,14457,14634,14806,15054,15202,15544,15540,15039,15285,15847
209011200,Ivanhoe,10493,10440,10491,10480,10545,10713,10947,11275,11516,11587,11608,11655,11693,11734,11851,11998,12323,12643,12865,12883,12559,12588,12924
209011201,Ivanhoe East - Eaglemont,7656,7677,7704,7684,7747,7884,7923,7968,7999,8032,8041,8057,8068,8079,8088,8119,8125,8135,8145,7984,7799,7812,7977
209011202,Montmorency - Briar Hill,15726,15742,15700,15615,15651,15668,15769,15863,16110,16182,16165,16182,16222,16299,16508,16792,16866,16921,16958,16905,16660,16642,16852
209011203,Viewbank - Yallambie,18270,18170,18096,18037,18134,18286,18501,18642,18885,18874,18775,18782,18820,18882,18943,19018,19120,19220,19244,19188,18891,18834,19039
209011204,Watsonia,9468,9361,9280,9110,9077,9036,9174,9263,9310,9308,9320,9333,9371,9412,9459,9542,9549,9551,9505,9476,9305,9253,9361
209021205,Kingsbury,6084,6468,6929,7375,7986,8561,9323,9858,10419,10649,10821,11106,11349,11516,11730,11965,12095,12071,11792,11525,10549,10772,11698
209021428,Preston - East,16709,16669,16633,16736,16990,17145,17461,17980,18472,18780,19297,19551,19777,20127,20603,21192,21440,21543,21613,21746,20997,21127,22012
209021429,Preston - West,11144,11163,11122,11265,11428,11571,11689,11854,12030,12108,12103,12151,12269,12427,12616,12867,13034,13123,13240,13278,12824,12766,13149
209021523,Reservoir - North East,12505,12496,12499,12579,12620,12816,12988,13102,13322,13429,13491,13885,14194,14498,14752,15180,15356,15496,15588,15565,14987,14960,15463
209021524,Reservoir - North West,10804,10631,10442,10363,10299,10279,10234,10332,10413,10401,10355,10322,10370,10399,10421,10475,10470,10451,10415,10346,9881,9714,9809
209021525,Reservoir - South East,11577,11550,11525,11574,11698,11850,11921,12013,12157,12233,12290,12494,12648,12787,12983,13240,13361,13422,13473,13399,12939,13023,13429
209021526,Reservoir - South West,12153,12130,12157,12182,12235,12384,12595,12954,13214,13427,13614,13868,14083,14277,14489,14771,14935,14964,14946,14798,14244,14262,14728
209031209,Eltham,24279,24227,24189,24124,24051,23965,23898,23863,23865,23791,23651,23671,23738,23785,23849,24008,24071,24124,24151,24113,23707,23524,23509
209031210,Hurstbridge,3718,3698,3649,3645,3656,3665,3662,3697,3675,3668,3660,3645,3629,3611,3603,3605,3626,3626,3624,3632,3576,3542,3529
209031211,Kinglake,3677,3737,3787,3850,3927,4032,4023,4064,3567,3626,3671,3752,3810,3856,3922,3984,4049,4121,4153,4172,4237,4309,4353
209031212,Panton Hill - St Andrews,5103,5148,5184,5216,5286,5374,5365,5357,5329,5274,5227,5242,5269,5300,5342,5409,5426,5406,5321,5236,5121,5162,5129
209031213,Plenty - Yarrambat,7787,7888,8033,8220,8476,8722,8828,9047,9266,9344,9401,9512,9580,9666,9706,9794,9838,9858,9869,9763,9521,9435,9570
209031214,Research - North Warrandyte,6956,6917,6880,6853,6846,6843,6838,6852,6867,6859,6846,6878,6900,6921,6954,7007,7029,7021,7001,6999,6987,6969,6979
209031215,Wattle Glen - Diamond Creek,12601,12623,12517,12624,12787,12946,13267,13551,13783,13902,13931,13987,14058,14150,14221,14351,14424,14507,14498,14579,14538,14434,14548
209041216,Bundoora - North,2293,3037,3759,3950,4265,4643,4860,5048,5302,5496,5642,6072,6564,7065,7511,7959,7987,8005,7876,7760,7424,7491,7773
209041217,Bundoora - West,6949,6890,6788,6685,6638,6583,6527,6503,6479,6477,6503,6485,6473,6450,6440,6456,6457,6471,6478,6463,6237,6305,6538
209041220,Mill Park - North,18680,18853,18895,18938,19053,19275,19303,19360,19398,19219,19046,18841,18656,18710,18653,18712,18640,18597,18476,18274,17640,17321,17449
209041221,Mill Park - South,13680,13597,13498,13420,13384,13408,13355,13276,13205,12960,12810,12723,12625,12540,12510,12526,12417,12250,12047,11897,11339,11167,11288
209041223,Thomastown,22546,22382,22228,21869,21570,21422,21328,21398,21512,21526,21430,21420,21430,21432,21442,21485,21490,21458,21367,21173,20201,19992,20197
209041224,Wallan,7916,8421,9042,9562,10044,10330,10586,10938,11268,11643,12189,13090,14058,14859,15686,16747,17618,18740,20090,21543,22953,24680,26304
209041225,Whittlesea,5781,5931,6208,6440,6700,6778,6869,7004,7156,7381,7580,7762,7920,8049,8221,8436,8786,9121,9436,9803,10763,12336,14020
209041431,Epping - East,9823,9921,10075,10176,10342,10580,10934,11304,11740,12035,12587,12857,13087,13272,13480,13738,13873,13931,13928,13793,13269,13170,13354
209041432,Epping - South,8556,8673,8646,8567,8588,8578,8571,8540,8514,8482,8433,8499,8533,8557,8627,8690,8766,8783,8766,8655,8279,8085,8301
209041433,Epping (Vic.) - West,655,645,635,619,615,617,1378,2310,3314,4027,6340,7253,8359,9351,10437,11484,12109,12431,12598,12552,12279,12403,12699
209041435,South Morang - North,514,987,1831,2451,3374,4163,5081,5912,6821,8649,9816,10880,11465,11838,12240,12675,12864,12950,13010,12942,12714,12704,12879
209041436,South Morang - South,4815,5780,6745,7495,7923,8410,8925,9802,10549,11375,11842,12061,12230,12354,12452,12558,12701,12769,12811,12856,12513,12410,12588
209041437,Wollert,389,356,338,348,323,346,355,376,418,424,528,1827,3387,5149,7204,9493,11911,14544,17309,20975,24807,28244,30758
209041527,Doreen - North,437,530,773,1326,1881,2542,3172,3593,4875,6458,7990,9549,10964,12212,13217,14640,15315,15853,16065,16321,16484,16712,17110
209041528,Doreen - South,29,29,42,72,109,191,978,1573,2041,2651,3076,4039,4938,5743,6424,7161,7780,8498,9369,10137,10595,11101,11494
209041529,Lalor - East,10717,10643,10525,10343,10233,10163,10115,10128,10161,10199,10202,10249,10345,10420,10468,10539,10623,10636,10591,10426,10025,9843,9963
209041530,Lalor - West,10695,10594,10455,10260,10116,10009,10067,10217,10366,10478,10580,11064,11668,12192,12822,13335,13590,13736,13843,13900,13623,13642,13819
209041531,Mernda - North,686,645,639,644,646,648,810,1233,1908,2547,3269,4296,5451,6473,7492,8811,9702,10437,11111,11473,11553,11658,11775
209041532,Mernda - South,145,136,135,133,133,135,310,869,1686,2325,3126,4116,5177,6092,7207,8360,9415,10131,10991,11640,12086,12559,13024
210011226,Airport West,6997,6970,6952,6904,6870,6878,6920,6983,7067,7175,7234,7301,7390,7521,7694,7903,8019,8169,8390,8362,8240,8295,8464
210011227,Essendon Airport,0,0,0,0,0,0,0,0,0,0,0,0,0,0,0,0,3,6,8,11,14,14,14
210011228,Keilor,9341,9257,9150,9080,9000,8937,8836,8800,8767,8678,8634,8662,8724,8806,8886,8993,9013,9012,8953,8778,8596,8541,8562
210011230,Niddrie - Essendon West,5903,5929,5951,5979,6005,6089,6153,6280,6350,6458,6472,6594,6742,6896,7069,7250,7365,7504,7594,7646,7520,7573,7797
210011231,Strathmore,8838,8818,8803,8826,8907,8987,9036,9169,9378,9419,9397,9424,9499,9578,9729,9968,10157,10269,10311,10277,10107,10184,10323
210011533,Avondale Heights,11834,11735,11600,11494,11409,11403,11434,11507,11542,11548,11509,11599,11710,11855,12022,12199,12329,12451,12628,12642,12473,12393,12570
210011534,Keilor East,14065,13937,13763,13650,13545,13542,13592,13639,13727,13796,13885,14037,14254,14594,14938,15200,15263,15357,15475,15471,15174,15196,15312
210021232,Gisborne,9055,9172,9310,9500,9710,9823,10031,10364,10769,11055,11380,11783,12087,12404,12850,13312,13611,13909,14121,14245,14340,14456,14905
210021233,Macedon,3516,3499,3472,3474,3452,3459,3432,3391,3374,3329,3308,3354,3394,3443,3476,3525,3537,3542,3541,3536,3540,3581,3590
210021234,Riddells Creek,3471,3475,3500,3554,3565,3648,3697,3749,3801,3842,3882,3929,4008,4066,4113,4174,4250,4298,4340,4442,4498,4539,4561
210021235,Romsey,7425,7509,7656,7839,7989,8098,8207,8336,8585,8750,8832,8994,9091,9248,9389,9663,9898,10102,10372,10612,10835,11090,11268
210031236,Coburg North,6404,6381,6305,6293,6273,6293,6434,6490,6700,6784,6852,6969,7171,7474,7789,8112,8383,8589,8694,8775,8513,8613,8826
210031237,Fawkner,12297,12219,12164,12181,12167,12250,12481,12674,12970,13106,13171,13316,13527,13876,14185,14460,14673,14795,14917,14781,14184,14192,14707
210031439,Gowanbrae,526,1001,1355,1543,1779,2053,2319,2516,2711,2769,2886,2907,2928,2956,2999,3042,3092,3120,3139,3156,3141,3134,3191
210031440,Hadfield,5711,5579,5481,5461,5424,5425,5423,5452,5506,5544,5571,5592,5648,5726,5803,5911,6021,6110,6273,6394,6298,6378,6525
210031535,Glenroy - East,12067,11936,11900,11949,11997,12076,12202,12321,12633,12833,13101,13337,13645,14006,14294,14757,15080,15411,15554,15565,14980,14870,15431
210031536,Glenroy - West,6486,6510,6498,6572,6628,6736,6831,7005,7190,7363,7467,7646,7759,7963,8185,8396,8640,8863,9077,9246,8976,9022,9349
210031537,Oak Park,6163,6127,6096,6091,6084,6137,6237,6401,6554,6689,6798,6925,7057,7196,7366,7604,7781,7943,8073,8153,7978,8107,8289
210031538,Pascoe Vale,13018,12975,12973,12979,13069,13299,13690,13910,14333,14609,14708,15166,15552,16061,16547,17225,17551,17860,17962,17951,17402,17476,17934
210041240,Sunbury,10282,10508,10941,11492,11964,12210,12542,12777,12961,13050,13072,13077,13088,13129,13170,13238,13338,13454,13637,13858,13788,13845,14231
210041539,Diggers Rest,1934,1981,2009,1999,1980,1924,1841,1886,1867,1874,1907,2004,2078,2163,2252,2447,2637,2989,3760,4651,5302,5840,6443
210041540,Sunbury - South,8310,8586,9003,9367,9697,10121,10634,11122,11655,12014,12284,12489,12691,12973,13289,13653,14035,14402,14719,15046,15103,15485,16043
210041541,Sunbury - West,9982,9957,10094,10232,10289,10466,10409,10439,10606,10711,10749,10857,10916,11055,11238,11586,11689,11737,11789,11547,11271,11147,11380
210051242,Broadmeadows,12127,11987,11823,11617,11518,11465,11461,11551,11791,12048,12243,12486,12759,13136,13529,13916,14288,14555,14765,14747,14063,13948,14343
210051243,Campbellfield - Coolaroo,16125,16117,16040,15948,15917,15921,15997,16222,16455,16587,16735,16760,16836,16921,17013,17122,17170,17185,17146,16885,16245,15882,16220
210051245,Gladstone Park - Westmeadows,18851,18696,18505,18266,18165,18148,18115,18049,17980,17894,17771,17829,17894,17997,18135,18353,18494,18583,18614,18598,18176,17994,18180
210051246,Greenvale - Bulla,9950,10178,10573,11173,11636,12028,12248,12535,12902,13243,13543,13732,13991,14584,15629,17123,18267,19485,20327,21279,22406,23526,24613
210051247,Meadow Heights,15929,15761,15588,15310,15213,15167,15405,15580,15692,15759,15767,15739,15752,15764,15755,15779,15847,15876,15868,15840,15070,14645,14879
210051248,Melbourne Airport,149,148,144,142,137,133,138,141,144,149,158,165,173,179,187,194,181,168,156,143,130,130,130
210051250,Tullamarine,6744,6718,6685,6630,6581,6583,6594,6605,6605,6580,6545,6550,6576,6636,6674,6698,6759,6820,6835,6824,6628,6515,6582
210051441,Craigieburn - Central,6842,7204,7547,7801,7909,7987,8033,8096,8118,8238,8335,8417,8524,8610,8654,8749,8837,8869,8844,8715,8190,7987,8134
210051442,Craigieburn - North,120,496,1079,1591,2292,3404,4749,5833,7019,7726,8479,9223,10095,10899,11518,12124,12611,12936,13007,12893,12446,12431,12685
210051443,Craigieburn - South,8654,8892,9176,9656,10028,10271,10727,11147,11606,12006,12691,13477,14422,15261,16009,16999,18289,19547,20665,21632,22007,22586,23482
210051445,Mickleham - Yuroke,873,916,988,1065,1130,1192,1245,1231,1330,1468,1579,1723,1869,2215,2768,3592,6050,9202,14052,18657,23795,28568,31976
210051542,Craigieburn - North West,0,0,0,0,0,0,11,36,89,184,292,1066,2001,3067,4237,5754,6691,7482,8326,9253,9975,10377,10765
210051543,Craigieburn - West,55,53,54,60,141,228,613,1230,2035,3067,3955,5007,6128,7171,8085,9116,10010,10988,11844,12687,13194,13643,14250
210051544,Roxburgh Park (South) - Somerton,6995,7428,7844,8255,8621,8917,9081,9275,9463,9569,9682,9645,9734,9880,10035,10205,10233,10198,10123,10043,9582,9509,9683
210051545,Roxburgh Park - North,3157,4612,5845,6907,7816,8559,9042,9581,10126,10338,10408,10931,11420,11847,12297,12836,13456,14035,14650,14993,14848,14961,15185
211011251,Bayswater,10728,10746,10792,10831,10867,10973,11124,11213,11361,11458,11635,11807,11995,12219,12415,12584,12696,12818,12948,12992,12708,12708,13029
211011254,Knoxfield - Scoresby,13242,13181,13113,13076,13066,13103,13164,13260,13389,13436,13471,13858,14236,14645,15140,15752,16213,16588,16923,17016,16734,16708,17027
211011255,Lysterfield,5516,5692,5923,6020,6090,6198,6380,6492,6695,6796,6807,6837,6869,6884,6898,6917,6919,6919,6890,6802,6654,6569,6573
211011256,Rowville - Central,16110,16095,16120,16096,16017,15980,15873,15955,15991,15998,15839,15832,15837,15839,15835,15864,15894,15895,15885,15826,15540,15463,15702
211011257,Rowville - North,5094,6235,6982,7127,7575,7965,8292,8409,8507,8491,8350,8352,8351,8347,8342,8352,8326,8267,8203,8122,7962,7809,7847
211011258,Rowville - South,9472,9802,10179,10337,10493,10720,10838,11026,11214,11265,11241,11191,11153,11099,11044,11000,10973,10925,10866,10754,10462,10393,10479
211011259,Wantirna,14733,14707,14561,14524,14383,14361,14383,14329,14334,14339,14320,14326,14338,14355,14376,14425,14540,14687,14778,14866,14446,14219,14519
211011260,Wantirna South,18014,18180,18164,18199,18191,18278,18238,18309,18304,18270,18176,18175,18243,18326,18437,18580,18598,18615,18629,18602,18099,17974,18164
211011446,Boronia,20673,20649,20653,20564,20568,20629,20802,21028,21227,21312,21461,21567,21740,22047,22430,22918,23237,23425,23697,23924,23837,23850,24196
211011447,Ferntree Gully - North,13461,13352,13288,13180,13121,13079,13099,13193,13579,13769,13815,13939,14041,14120,14214,14337,14412,14477,14534,14446,14247,14234,14385
211011448,Ferntree Gully (South) - Upper Ferntree Gully,14986,14873,14785,14638,14560,14651,14840,15012,15201,15177,15133,15148,15170,15179,15192,15230,15298,15415,15541,15517,15451,15349,15571
211011449,The Basin,4533,4485,4441,4401,4372,4376,4388,4397,4413,4418,4418,4417,4418,4419,4423,4441,4460,4469,4455,4415,4380,4314,4316
211021261,Donvale - Park Orchards,15852,15842,15816,15798,15878,15992,16064,16172,16222,16223,16152,16190,16282,16399,16520,16715,16769,16804,16777,16668,16410,16405,16511
211021262,Warrandyte - Wonga Park,9872,10006,10152,10193,10334,10411,10425,10443,10467,10480,10502,10508,10524,10538,10560,10613,10612,10590,10551,10404,10181,10090,10139
211031263,Bayswater North,11032,11054,11116,11188,11203,11219,11353,11577,11770,11819,11819,11866,11952,12033,12126,12257,12316,12392,12423,12332,11967,11839,11921
211031265,Croydon Hills - Warranwood,17649,17710,17702,17845,18084,18233,18263,18455,18728,18728,18613,18619,18664,18692,18697,18752,18775,18766,18727,18640,18232,18152,18326
211031266,Ringwood,15380,15350,15330,15247,15211,15222,15411,15701,16175,16410,16594,16882,17152,17410,17654,17931,18301,18504,18876,19158,18919,18977,19317
211031267,Ringwood East,18448,18389,18370,18353,18470,18532,18846,19067,19378,19454,19670,19818,19976,20300,20657,21031,21322,21495,21660,21785,21351,21262,21461
211031268,Ringwood North,9519,9515,9497,9504,9530,9541,9569,9599,9637,9660,9658,9711,9775,9857,9910,9991,10056,10073,10044,9931,9723,9665,9700
211031450,Croydon - East,12347,12484,12601,12683,12829,12945,13120,13366,13721,13879,14110,14349,14632,15012,15363,15724,15970,16181,16305,16403,16236,16215,16594
211031451,Croydon - West,10458,10626,10790,10849,10875,10991,11191,11397,11622,11666,11738,12062,12475,12891,13343,13805,14117,14324,14519,14561,14246,14207,14605
211031452,Croydon South,4463,4418,4376,4356,4335,4330,4387,4469,4574,4647,4678,4692,4728,4785,4824,4856,4901,4918,4949,5015,4936,4977,5046
211041269,Forest Hill,9976,9965,9963,9973,9976,10010,10124,10180,10321,10370,10430,10483,10636,10772,10874,11074,11197,11260,11204,11166,10866,10867,11023
211041270,Mitcham (Vic.),14232,14378,14524,14635,14734,14852,14976,15102,15208,15265,15346,15804,16205,16482,16686,16859,17084,17231,17282,17338,16930,17017,17319
211041271,Nunawading,10693,10639,10526,10478,10466,10553,10846,10985,11200,11276,11382,11576,11742,11867,12089,12363,12628,12786,12840,12861,12518,12602,12927
211041272,Vermont,9544,9538,9522,9533,9561,9705,9860,9988,10147,10214,10261,10392,10517,10619,10750,10896,11025,11144,11260,11337,11079,10993,11150
211041273,Vermont South,12228,12120,11988,11928,11865,11905,11915,11906,11968,11964,11891,11946,12004,12070,12143,12251,12350,12391,12386,12303,12042,12046,12181
211051274,Belgrave - Selby,10742,10769,10743,10685,10565,10510,10531,10495,10504,10475,10414,10416,10423,10424,10429,10453,10452,10429,10378,10339,10091,9990,9961
211051275,Chirnside Park,8807,9003,9078,9074,9135,9212,9251,9307,9387,9420,9422,9497,9590,9711,9941,10266,10678,11046,11468,11767,11876,12087,12392
211051276,Healesville - Yarra Glen,11841,12049,12291,12403,12532,12539,12571,12721,12991,13135,13175,13370,13597,13754,13900,14106,14232,14367,14420,14335,14181,14100,14121
211051277,Kilsyth,8661,8626,8622,8599,8576,8602,8625,8668,8737,8768,8773,8918,9047,9139,9280,9470,9595,9685,9879,9962,9980,10105,10351
211051278,Lilydale - Coldstream,16176,16472,16656,16719,16904,17169,17445,17889,18306,18454,18517,18668,18778,18925,19212,19448,19656,19822,19913,19952,19786,19909,20043
211051279,Monbulk - Silvan,5753,5743,5712,5680,5623,5609,5649,5707,5736,5747,5732,5774,5788,5791,5791,5827,5859,5865,5852,5878,5859,5795,5807
211051280,Montrose,6852,6811,6791,6761,6738,6739,6772,6830,6921,6955,6966,6987,7004,7011,7031,7078,7126,7139,7110,7051,6993,6962,6928
211051281,Mooroolbark,19556,19549,19524,19550,19690,19863,20181,20506,20870,21073,21321,21525,21824,22208,22604,23027,23405,23587,23843,23917,23442,23607,23985
211051282,Mount Dandenong - Olinda,9787,9769,9764,9762,9769,9778,9843,9903,9974,10035,10060,10062,10064,10065,10066,10109,10084,10074,10051,9953,9770,9642,9633
211051283,Mount Evelyn,9396,9378,9356,9350,9357,9395,9427,9466,9561,9597,9615,9695,9768,9839,9941,10081,10102,10086,10059,9949,9866,9807,9919
211051284,Upwey - Tecoma,10357,10360,10310,10256,10148,10096,10070,10072,10095,10085,10067,10045,10026,10017,10019,10040,10037,10024,9996,9952,9848,9732,9777
211051285,Wandin - Seville,7112,7190,7227,7241,7241,7316,7372,7446,7560,7608,7646,7658,7700,7748,7798,7884,7940,8011,7997,7996,7963,7950,7989
211051286,Yarra Valley,15932,15928,15865,15831,15788,15820,15949,16078,16227,16318,16347,16409,16460,16496,16537,16622,16725,16862,16960,17006,16947,16957,16963
212011289,Emerald - Cockatoo,16964,17062,17173,17332,17454,17628,17699,17793,17902,17969,18012,18072,18144,18241,18375,18580,18686,18776,18843,18838,18802,18741,18911
212011546,Beaconsfield - Officer,3666,4112,4810,5595,6194,6720,6824,7109,7496,7705,8156,8857,9533,10247,11684,13496,15476,17743,20259,22381,23966,25775,26967
212011547,Bunyip - Garfield,7445,7518,7523,7561,7582,7662,7685,7849,8065,8162,8217,8349,8443,8531,8625,8755,8898,9121,9402,9701,9940,10063,10193
212011548,Koo Wee Rup,5236,5271,5361,5405,5541,5763,5785,5895,6236,6432,6711,6910,7071,7239,7440,7719,8044,8303,8757,9387,10160,10814,11523
212011549,Pakenham - North East,5802,5850,6025,6478,6568,7122,7688,8499,9351,10252,11092,11889,12681,13287,13817,14491,14965,15322,15545,15625,15622,15793,16028
212011550,Pakenham - North West,630,618,620,671,680,687,736,866,1243,1664,2081,2681,3274,3864,4443,5075,5561,6040,6587,7128,7567,8103,8808
212011551,Pakenham - South East,3448,3497,3634,3807,3927,4003,4035,4151,4268,4390,4506,4690,4788,4809,4887,4978,5148,5452,5799,6215,6493,6601,6689
212011552,Pakenham - South West,3776,4055,5002,6100,7308,8473,10082,11676,13534,15459,17224,19134,20825,22032,23205,24642,25636,26346,26963,27387,27171,27453,27999
212021293,Berwick - North,19094,19611,20228,20807,21209,21547,21826,22326,22695,22909,23042,23183,23336,23455,23614,23824,23911,23851,23878,23710,23181,23076,23563
212021295,Doveton,10072,9987,9918,9834,9769,9672,9823,9979,10192,10436,10695,10919,11207,11484,11665,11867,12095,12260,12345,12513,12058,12169,12515
212021297,Hallam,8977,9267,9519,9697,9855,9923,10038,10228,10430,10582,10628,10757,10885,11017,11125,11335,11516,11697,11911,11968,11598,11580,11765
212021299,Narre Warren North,5422,5577,5789,6014,6279,6388,6493,6695,6963,7096,7216,7377,7524,7712,7909,8183,8279,8372,8383,8365,8308,8236,8206
212021453,Endeavour Hills - North,12477,12429,12396,12374,12325,12283,12260,12279,12371,12425,12459,12468,12477,12475,12477,12499,12529,12570,12550,12458,12190,12077,12048
212021454,Endeavour Hills - South,14934,14828,14788,14758,14686,14578,14490,14483,14398,14308,14191,14184,14177,14156,14139,14160,14126,14060,13989,13845,13461,13309,13506
212021455,Narre Warren - North East,12517,12909,13170,13446,13517,13556,13644,13755,13731,13698,13657,13705,13771,13838,13890,13967,14011,14030,14010,13888,13617,13500,13656
212021456,Narre Warren - South West,12168,12338,12514,12729,12755,12814,12912,12987,13138,13252,13297,13495,13744,14016,14230,14544,14771,14951,15097,15170,14900,14955,15266
212021553,Berwick - South East,5214,5947,6655,7518,8543,9409,10799,12095,13570,14509,14959,15457,15812,16285,16758,17207,17466,17693,17857,17923,17986,18378,19159
212021554,Berwick - South West,3219,4401,5431,5894,6458,6922,7534,7998,8310,8609,8722,8859,8994,9051,9232,9667,10133,10552,10918,11196,11362,11653,12125
212031300,Cranbourne,13392,13480,13766,14282,14665,15071,15913,17059,18016,18859,19169,19510,19926,20250,20568,20888,21207,21414,21516,21673,21581,21616,22034
212031303,Cranbourne South,4798,4776,4764,4851,4925,5070,5141,5419,5833,6311,6880,7357,7950,8355,8703,9116,9578,10722,12870,15388,17641,19727,21862
212031304,Cranbourne West,4022,4872,5831,6607,7238,7584,7880,8208,8571,8837,9000,9933,11210,12651,13995,15685,17160,18628,19788,20867,21853,22959,23813
212031306,Lynbrook - Lyndhurst,1507,2057,2658,3320,4091,5130,6319,7660,9002,10529,12107,12994,14042,14794,15459,16067,16668,17230,17631,18118,18271,18648,19029
212031308,Pearcedale - Tooradin,6938,7043,7181,7311,7537,7571,7559,7552,7574,7623,7706,7718,7752,7811,7896,8035,8090,8146,8160,8140,8083,8104,8142
212031457,Narre Warren South - East,5948,7538,9071,9973,10714,11480,11978,12413,12828,13045,13157,13296,13476,13561,13604,13713,13735,13707,13611,13417,13270,13168,13162
212031458,Narre Warren South - West,8362,9828,11753,12711,13780,14680,15546,16150,16405,16512,16483,16755,16968,17126,17321,17513,17651,17630,17539,17356,16930,16777,17099
212031555,Clyde North - North,26,29,32,53,82,112,117,108,102,95,76,110,191,815,1857,2939,4284,5685,7501,9217,10652,11702,12529
212031556,Clyde North - South,12,15,19,32,50,69,73,66,75,82,86,108,129,176,264,359,1292,4175,8007,11904,15038,18009,20688
212031557,Cranbourne East - North,810,1166,1704,2158,2708,3385,3974,4449,5272,5862,7337,8895,10523,12846,15956,19084,20733,21760,22806,23384,23785,24269,24860
212031558,Cranbourne East - South,275,352,437,506,585,664,694,727,762,805,845,1243,1689,2197,3122,4372,6288,8073,9701,11120,12450,13665,14472
212031559,Cranbourne North - East,13,24,41,55,75,98,314,707,1330,2213,3173,4113,4958,5988,7306,8723,9936,11050,11982,12658,12925,13271,13578
212031560,Cranbourne North - West,9863,9587,9421,9504,9490,9788,10318,10809,11206,11442,11653,11831,11987,12113,12199,12262,12390,12452,12428,12327,12042,11986,12193
212031561,Hampton Park - East,10108,10380,10754,11106,11274,11400,11466,11687,11940,12093,12186,12267,12350,12572,12774,13048,13224,13348,13464,13386,12858,12843,13136
212031562,Hampton Park - West,10276,10473,10812,11106,11211,11246,11385,11690,11964,12339,12558,12706,12945,13193,13465,13732,13873,14031,14064,13979,13518,13427,13704
212041309,Clarinda - Oakleigh South,12807,12626,12500,12455,12367,12334,12241,12224,12223,12234,12199,12218,12248,12272,12290,12323,12317,12285,12222,12134,11653,11500,11674
212041310,Clayton South,11290,11132,11009,10961,10947,10961,11068,11456,11884,12078,12254,12569,12823,13000,13141,13296,13422,13662,14096,14152,13562,13949,14740
212041312,Dandenong North,23088,22990,22860,22832,22815,22847,22875,22965,23010,22983,22949,23056,23178,23302,23449,23684,23834,23930,23974,23655,22834,22565,22908
212041313,Dingley Village,10390,10395,10381,10370,10375,10374,10420,10454,10505,10549,10568,10597,10616,10608,10603,10611,10651,10700,10766,10736,10553,10557,10673
212041316,Noble Park North,8299,8120,8028,7947,7861,7804,7769,7764,7802,7762,7753,7754,7763,7783,7826,7871,7874,7858,7828,7762,7518,7466,7592
212041317,Springvale,18557,18581,18603,18641,18716,19033,19245,19586,19969,20353,20712,20940,21132,21505,22188,22761,23216,23549,23774,23650,22515,22639,23509
212041318,Springvale South,11607,11602,11603,11678,11738,12064,12217,12452,12650,12715,12687,12764,12844,12964,13065,13227,13299,13327,13338,13295,12728,12463,12828
212041459,Noble Park - East,9827,9884,9945,10023,10088,10284,10660,10947,11381,11639,11931,12116,12331,12581,12801,13073,13298,13487,13597,13605,12889,12868,13362
212041460,Noble Park - West,16718,16634,16529,16526,16521,16740,16933,17143,17524,17668,17873,18101,18350,18686,19065,19435,19791,20027,20275,20237,19810,19682,20206
212041563,Dandenong - North,16806,16915,16944,17004,17206,17412,18117,18810,19271,19711,20177,20814,21556,22210,22635,23038,23273,23382,23377,23012,21820,21384,22193
212041564,Dandenong - South,5728,5750,5743,5720,5774,5834,6115,6440,6644,6902,7237,7763,8294,8777,9274,9662,9824,9931,9993,9898,9491,9558,9826
212041565,Keysborough - North,16396,16112,15937,15831,15629,15653,15689,15689,15799,15795,15643,15459,15472,15450,15611,15914,15862,15830,15819,15619,15205,15006,15119
212041566,Keysborough - South,698,748,868,1091,1706,2397,3240,4088,4690,4684,5205,6349,7582,8877,10147,11557,12653,13574,14321,14915,15290,15663,16249
212051319,Ashwood - Chadstone,14503,14648,14710,14835,15243,15612,15966,16191,16560,16658,16979,17522,18002,18437,18835,19308,19764,19978,20259,20324,19782,20077,20600
212051321,Glen Waverley - East,21261,21164,21112,21064,21086,21180,21242,21294,21481,21499,21561,21689,21813,21922,22020,22153,22381,22569,22712,22684,21882,21755,22429
212051322,Glen Waverley - West,17233,17447,17587,17797,18012,18359,18568,18837,19187,19366,19303,19453,19644,19799,19951,20151,20515,20912,21349,21761,21324,21545,22533
212051323,Mount Waverley - North,14479,14484,14498,14548,14612,14722,14926,15078,15379,15579,15657,15699,15759,15822,15903,16053,16231,16352,16471,16649,16238,16302,16796
212051324,Mount Waverley - South,16422,16441,16436,16493,16551,16737,16962,17350,17792,17921,17889,18145,18407,18698,18940,19291,19593,19912,20087,20062,19471,19608,20236
212051325,Mulgrave,16951,16788,16633,16648,16747,16866,17227,17641,18028,18296,18517,18977,19466,19874,20181,20462,20525,20623,20684,20698,20072,20232,20690
212051326,Oakleigh - Huntingdale,19135,19156,19215,19339,19487,19701,19988,20410,20805,21049,21232,21448,21662,21929,22225,22617,22996,23265,23577,23721,23253,23558,24439
212051327,Wheelers Hill,21532,21213,20944,20755,20642,20627,20489,20431,20416,20295,20125,20165,20209,20450,20727,20880,20979,21049,21137,21193,20854,20691,20973
212051567,Clayton (North) - Notting Hill,5412,5566,5835,5841,6071,6296,6346,6244,6462,6566,7266,7963,8687,9402,10199,11087,11504,11830,11725,11715,10099,10735,12753
212051568,Clayton - Central,8825,9141,9414,9606,9862,10146,10386,10592,10823,11017,11432,11723,11958,12069,12311,12585,13121,13524,13834,14027,12276,12914,14178
213011328,Ardeer - Albion,6640,6597,6560,6523,6523,6556,6559,6758,7087,7334,7387,7520,7668,7773,7937,8202,8229,8228,8183,8082,7590,7480,7711
213011329,Cairnlea,366,1133,2325,3742,5255,6322,7362,8121,8788,9099,9311,9550,9698,9857,10040,10206,10362,10444,10452,10510,10142,10012,10101
213011331,Delahey,8056,8388,8665,8851,8954,9049,9042,9038,9003,8896,8769,8777,8792,8807,8815,8841,8796,8732,8663,8533,8148,8039,8019
213011332,Keilor Downs,15322,15215,15060,14864,14697,14543,14406,14335,14281,14232,14192,14130,14070,14014,13960,13943,13920,13870,13765,13567,13193,12990,13011
213011333,Kings Park (Vic.),15569,15419,15161,14998,14796,14656,14529,14471,14404,14359,14305,14306,14316,14336,14373,14447,14578,14621,14651,14477,14076,13845,13879
213011334,St Albans - North,19101,18988,18841,18748,18824,18746,18884,19102,19343,19562,19800,19887,20037,20220,20490,21064,21463,21726,21850,21663,20838,20335,20760
213011335,St Albans - South,17009,16812,16507,16328,16148,15963,15975,16187,16535,16882,17092,17179,17310,17503,17725,18025,18344,18494,18560,18385,17656,17134,17496
213011336,Sunshine,7980,8032,8093,8150,8244,8345,8473,8710,8936,9129,9238,9392,9618,9843,10083,10241,10303,10318,10306,10100,9568,9629,9940
213011337,Sunshine North,10478,10481,10452,10486,10473,10505,10525,10592,10770,10982,11108,11302,11489,11693,11890,12123,12323,12461,12490,12451,12161,11990,12214
213011338,Sunshine West,16700,16618,16519,16474,16443,16450,16444,16629,17042,17303,17512,17880,18196,18596,19013,19533,19786,19893,19915,19633,18770,18307,18572
213011339,Sydenham,9837,10437,10657,10905,11061,11187,11421,11573,11750,11924,12058,12158,12254,12335,12432,12585,12662,12679,12660,12432,11859,11606,11804
213011340,Taylors Lakes,17435,17944,18263,18470,18687,18900,19101,19194,19258,19125,18954,18764,18657,18532,18474,18455,18313,18175,17974,17614,17070,16771,16927
213011569,Deer Park,13303,13029,12824,12743,12607,12516,13081,13859,15130,16118,16893,17434,17903,18211,18523,18850,19066,19291,19238,18976,18219,17990,18202
213011570,Derrimut,76,149,347,591,1037,1556,2366,3192,4303,5272,6243,6837,7441,7946,8223,8686,8962,9037,9114,9015,8748,8726,8851
213021341,Altona,12221,12120,12045,11919,11864,11857,11915,12041,12152,12213,12260,12361,12544,12757,12979,13206,13443,13657,13861,13878,13655,13728,13899
213021342,Altona Meadows,19168,19342,19476,19283,19379,19411,19707,19746,19895,19780,19565,19573,19617,19690,19818,20106,20164,20101,20031,19500,18660,18360,18644
213021343,Altona North,13206,13121,12995,12906,12869,12844,12877,12974,13150,13366,13558,13786,14003,14271,14519,14787,14999,15185,15400,15396,15084,15071,15387
213021344,Newport,14723,14823,14921,14984,15186,15474,15864,16182,16493,16670,16798,17106,17399,17756,18134,18523,18726,18975,19261,19414,18983,18961,19487
213021345,Seabrook,4900,5006,5057,5091,5124,5156,5175,5192,5201,5218,5219,5232,5265,5305,5352,5408,5417,5397,5368,5250,4999,4867,4926
213021346,Williamstown,14056,14275,14363,14449,14550,14751,14950,15119,15400,15393,15354,15470,15578,15781,16006,16389,16501,16655,16795,16659,16075,16179,16586
213031347,Braybrook,12851,12995,13028,13039,13184,13482,14178,14881,15633,16343,16719,17177,17708,18296,18759,19224,19557,19700,19811,19901,19359,19541,20210
213031348,Footscray,11564,11562,11615,11619,11731,11828,12085,12462,12815,13214,14025,14397,15280,16127,16762,17343,17673,17905,18054,18092,17419,18127,19957
213031349,Maribyrnong,5972,6571,7244,7624,8026,8550,9204,9736,10125,10510,10671,11186,11692,12118,12562,12950,13161,13204,13241,13263,12712,12906,13408
213031350,Seddon - Kingsville,8081,8079,8118,8153,8202,8301,8356,8465,8569,8618,8701,8897,9091,9321,9521,9711,9777,9813,9815,9724,9363,9374,9575
213031351,West Footscray - Tottenham,9807,9801,9825,9879,9988,10152,10307,10543,10700,10743,10713,10966,11220,11527,11849,12058,12148,12258,12447,12370,11881,11996,12592
213031352,Yarraville,12573,12549,12686,12854,13006,13205,13536,13815,14030,14185,14325,14556,14791,15074,15330,15656,15804,15991,16092,16068,15651,15661,16020
213041353,Bacchus Marsh,14540,14644,14880,15015,15345,15595,15844,16124,16584,17006,17488,18119,19048,19632,20207,20989,21776,22493,23360,24263,25057,25628,26055
213041358,Melton West,8178,8418,8769,9075,9683,10565,11358,12132,12987,13764,14514,15335,16051,16713,17387,18157,19045,20034,20993,21432,21505,21849,22255
213041359,Rockbank - Mount Cottrell,1760,1843,1929,2048,2245,2386,2446,2489,2572,2673,2772,2791,2842,2957,3044,3148,4746,7572,10344,13341,17900,22960,27259
213041360,Taylors Hill,605,1360,2648,4071,6073,8253,10309,12082,13753,15210,16011,16991,17930,18685,19486,20218,20443,20453,20444,20288,19794,19884,19892
213041461,Burnside,2225,2738,3305,3820,4128,4364,4412,4442,4468,4474,4494,4564,4618,4705,4812,4943,5178,5400,5549,5743,5857,6017,6225
213041462,Burnside Heights,18,20,32,66,194,359,1276,2409,3651,4596,5179,5545,5849,6088,6265,6431,6546,6658,6741,6628,6440,6356,6500
213041463,Caroline Springs,3136,4813,6616,8265,9746,11270,12248,13156,14300,15981,17310,18299,19290,19925,20377,20968,21299,21404,21352,21238,20634,20698,20942
213041571,Brookfield,2511,2655,2755,2887,3084,3283,3650,4268,4987,5601,6190,6959,7606,8120,8648,9153,9505,9691,9787,9901,9948,9976,10167
213041572,Cobblebank - Strathtulloh,87,92,100,103,108,108,93,88,158,192,208,274,365,460,592,994,1756,2763,4343,6158,7715,8876,10248
213041573,Eynesbury - Exford,81,87,93,96,101,102,90,118,229,501,786,1198,1594,1987,2443,2799,2948,2999,2995,3020,3026,3132,3427
213041574,Fraser Rise - Plumpton,264,287,300,317,364,408,402,418,432,433,435,488,997,1867,3098,4560,5799,7015,8001,8767,10239,12991,16420
213041575,Hillside,8166,9513,10766,11798,12938,13626,14177,14693,15147,15468,15745,16034,16146,16353,16499,16745,16833,16859,16717,16495,16346,16230,16143
213041576,Kurunjang - Toolern Vale,6108,6258,6527,6869,7278,7743,8324,8808,9356,9973,10392,10645,10768,10878,11059,11279,11462,11671,11908,11979,11748,11831,11914
213041577,Melton,8015,7994,7922,7761,7556,7477,7441,7467,7576,7740,7855,7941,7999,8084,8183,8281,8319,8338,8359,8261,7966,7909,8011
213041578,Melton South - Weir Views,9418,9262,9132,9004,8843,8724,8601,8509,8603,8689,8847,9286,9803,10274,10720,11297,12195,13173,14242,15664,16926,18736,20224
213051361,Hoppers Crossing - North,17670,18195,18752,19068,19322,19406,19469,19518,19559,19591,19603,19697,19829,19931,20034,20172,20088,19926,19694,19405,18657,18263,18317
213051362,Hoppers Crossing - South,20360,20236,20059,19944,19738,19577,19315,19161,19208,19241,19327,19461,19708,19860,20001,20220,20291,20311,20186,19933,18991,18511,18789
213051363,Laverton,4750,4688,4636,4553,4553,4551,4571,4665,4830,5130,5587,6224,6794,7504,8334,9385,10255,10899,11499,11972,11643,11891,12421
213051368,Werribee - South,9744,9818,9912,10111,10252,10291,10367,10455,10604,10743,10862,11008,11141,11305,11491,11776,12579,13695,15022,16350,16994,17473,17832
213051464,Point Cook - East,808,984,1453,1960,2743,3475,4225,5075,5721,6308,6721,7998,9139,10392,11567,12818,14530,16101,17894,19135,19593,20154,20834
213051466,Point Cook - South,38,38,35,40,68,300,853,1579,2487,4182,6440,8260,9987,11679,13366,15147,16742,18163,19047,19372,19384,19678,20237
213051467,Werribee - East,16074,16703,17469,18001,18501,18674,18862,19008,19316,19454,19620,19810,19997,20178,20378,20643,20666,20629,20490,20186,19235,18818,18972
213051468,Werribee - West,10547,10511,10569,10816,10965,11009,10981,11081,11112,11189,11214,11259,11327,11452,11735,12283,13545,15143,17512,20235,22692,25536,28144
213051579,Manor Lakes - Quandong,30,39,69,134,356,568,1007,1499,2210,3059,3793,4511,5152,5625,6151,6785,7465,8338,9192,10023,10791,11437,12002
213051580,Point Cook - North East,1110,2440,4073,5861,7783,9437,10529,11402,12349,13103,13599,13930,14226,14507,14830,15103,15216,15268,15223,14973,14324,14314,14697
213051581,Point Cook - North West,123,228,389,644,994,1328,1999,2984,4190,5500,6602,7287,7887,8378,8763,9185,9505,9678,9739,9798,9689,9753,9998
213051582,Tarneit (West) - Mount Cottrell,74,73,109,151,204,307,326,379,356,318,290,302,301,310,298,303,1490,3216,5319,7364,10316,13094,15293
213051583,Tarneit - Central,877,850,1266,1743,2378,3565,5767,7633,9942,12913,15413,17811,19684,21557,23613,25324,26468,27272,27895,28306,28594,28727,29321
213051584,Tarneit - North,49,49,73,101,137,205,224,268,261,240,230,224,209,201,202,181,902,2413,4008,5655,7340,9428,11213
213051585,Tarneit - South,418,785,1348,2041,2964,3663,4436,5176,5731,6161,6601,7406,7926,8591,9486,10596,11072,11272,11390,11515,11312,11411,11633
213051586,Truganina - North,188,234,278,367,508,749,749,792,854,818,816,866,906,973,1056,1148,2710,4284,6035,7904,9548,11596,13025
213051587,Truganina - South East,79,102,122,159,220,322,789,1192,1600,1939,2190,2567,3057,3839,4837,6063,6608,7302,8222,9090,9761,10031,10443
213051588,Truganina - South West,478,713,1016,1380,1729,2057,2809,3786,5073,6608,8538,10336,11780,13509,15577,17417,18382,18934,19343,19407,19389,19534,19938
213051589,Wyndham Vale - North,1367,1415,1462,1520,1655,1819,2042,2281,2480,2626,2781,3019,3274,3499,3617,3835,4477,5352,6487,7852,9176,10722,11899
213051590,Wyndham Vale - South,6400,6669,6936,7231,7743,8271,8789,9388,9998,10680,11113,11966,12669,13079,13345,13650,13875,13994,14106,13913,13704,13725,13888
214011370,Carrum Downs,15419,15889,16346,16815,17122,17550,17898,18342,19058,19499,19682,20036,20584,20975,21291,21549,21823,22045,22195,22391,22264,22405,22892
214011371,Frankston,22188,22001,21847,21628,21540,21540,21697,21951,22103,22239,22301,22417,22620,22850,23135,23510,23738,23992,24129,24264,23909,23827,24164
214011372,Frankston North,20230,19923,19605,19511,19255,19105,19160,19289,19458,19581,19620,19682,19725,19777,19827,19939,19999,20022,20010,19973,19666,19609,19757
214011373,Frankston South,17131,17187,17296,17394,17519,17722,17823,17928,18084,18176,18260,18369,18518,18652,18793,18995,19104,19194,19260,19182,18948,18997,19156
214011374,Langwarrin,18750,19188,19723,20388,21036,21236,21638,22222,22770,23095,23163,23385,23649,24015,24357,24694,24863,25019,25109,25259,25252,25361,25563
214011375,Seaford (Vic.),16257,16136,16001,15922,15840,15892,16013,16201,16408,16516,16574,16719,16866,16980,17046,17151,17244,17329,17409,17443,17362,17489,17764
214011376,Skye - Sandhurst,3331,3938,4665,5466,6218,7103,7953,8756,9371,9946,10750,11586,12389,12932,13341,13664,13830,13930,13858,13679,13423,13473,13530
214021377,Dromana,8455,8555,8574,8584,8588,8636,8830,9054,9231,9249,9333,9584,9938,10275,10785,11454,12015,12473,12778,13175,13469,13566,13574
214021378,Flinders,5811,5865,5904,5894,5901,5961,5827,5754,5725,5668,5578,5576,5580,5586,5604,5642,5720,5798,5878,5957,6024,6047,6015
214021379,Hastings - Somers,17831,17954,18067,18183,18374,18829,19424,19992,20388,20729,20885,21292,21675,22130,22524,22851,23232,23603,23930,24194,24245,24073,23973
214021381,Mount Eliza,17056,17046,17059,17077,17102,17094,17227,17370,17626,17824,17942,18087,18210,18342,18471,18696,18830,18990,19076,19139,18924,18783,18878
214021382,Mount Martha,12493,13089,13741,14265,14781,15245,15805,16332,16869,17332,17581,18133,18465,18881,19071,19365,19604,19770,20006,20076,20026,19983,20087
214021383,Point Nepean,15820,16174,16388,16433,16473,16542,16583,16627,16648,16662,16670,16964,17233,17503,17731,17999,18371,18758,19185,19649,20000,19940,19947
214021384,Rosebud - McCrae,18458,18563,18586,18472,18328,18329,18812,19261,19761,19966,20151,20461,20749,21029,21327,21613,22006,22343,22649,22938,23149,22986,23108
214021385,Somerville,16532,16799,16954,17004,17061,17184,17266,17553,17900,17948,17907,18062,18209,18485,18685,18878,18906,18911,18847,18795,18693,18618,18809
214021591,Mornington - East,10837,11636,12030,12388,12726,13044,13408,13750,13968,14083,14051,14244,14460,14645,14885,15163,15374,15492,15580,15544,15272,15098,15075
214021592,Mornington - West,8281,8316,8317,8374,8425,8453,8558,8710,8886,9081,9173,9297,9482,9624,9748,9867,10130,10426,10665,10719,10638,10639,10777
215011386,Ararat,8150,8139,8122,8114,8104,8105,8052,8072,8121,8161,8168,8220,8253,8278,8324,8386,8405,8428,8465,8552,8470,8396,8339
215011387,Ararat Surrounds,3183,3186,3173,3148,3126,3114,3075,3041,3027,2995,2958,3013,3073,3123,3163,3198,3199,3188,3186,3187,3184,3190,3162
215011388,Horsham,14767,14767,14766,14858,14979,15226,15386,15554,15748,15918,16099,16170,16245,16307,16363,16462,16559,16631,16754,16942,16951,16939,16876
215011389,Horsham Surrounds,3565,3604,3598,3602,3590,3570,3551,3530,3520,3498,3448,3460,3471,3463,3451,3443,3444,3459,3472,3469,3451,3437,3467
215011390,Nhill Region,7998,7936,7841,7728,7633,7550,7501,7461,7457,7380,7270,7222,7156,7098,7023,6960,6919,6894,6885,6898,6907,6839,6796
215011391,St Arnaud,4075,4031,3951,3879,3826,3721,3704,3672,3678,3658,3611,3600,3560,3488,3413,3353,3352,3364,3394,3427,3428,3451,3435
215011392,Stawell,8778,8751,8662,8568,8500,8370,8405,8427,8451,8466,8453,8378,8328,8296,8239,8225,8249,8279,8322,8387,8467,8442,8459
215011393,West Wimmera,3353,3303,3270,3215,3174,3143,3088,3047,3018,2974,2902,2871,2842,2806,2780,2782,2785,2785,2785,2787,2749,2724,2715
215011394,Yarriambiack,8114,8023,7918,7780,7654,7552,7450,7378,7352,7248,7120,7043,6980,6873,6775,6693,6648,6639,6617,6583,6453,6376,6327
215021395,Irymple,6263,6345,6394,6440,6464,6493,6522,6541,6586,6597,6603,6697,6782,6851,6887,6945,7044,7178,7322,7510,7679,7768,7876
215021396,Merbein,4834,4870,4808,4826,4790,4783,4698,4677,4693,4682,4670,4684,4708,4734,4767,4820,4900,4963,4989,5002,4954,4934,4943
215021398,Mildura Surrounds,4564,4496,4407,4309,4239,4182,4126,4053,4000,3923,3833,3833,3821,3794,3770,3747,3736,3727,3727,3736,3711,3737,3759
215021399,Red Cliffs,5887,5876,5779,5700,5664,5600,5549,5510,5498,5479,5457,5565,5662,5781,5855,5947,6054,6121,6158,6210,6123,6106,6065
215021469,Mildura - North,17206,17361,17200,17199,17160,17196,17219,17451,17433,17438,17544,17724,17966,18154,18262,18398,18522,18591,18589,18491,18085,18137,18229
215021470,Mildura - South,10111,10457,10946,11203,11664,12286,12741,12908,13163,13506,13715,13972,14217,14423,14615,14801,15177,15574,15979,16386,16414,16568,16682
215031400,Buloke,7223,7174,7104,7028,6998,6959,6868,6785,6733,6616,6468,6435,6389,6336,6307,6285,6225,6218,6170,6160,6136,6124,6044
215031401,Gannawarra,7625,7551,7457,7344,7257,7205,7037,6945,6851,6713,6531,6572,6599,6615,6628,6661,6697,6681,6633,6624,6666,6629,6559
215031402,Kerang,4230,4213,4186,4180,4180,4190,4155,4130,4075,4006,3916,3917,3919,3911,3900,3898,3900,3915,3924,3946,3944,3900,3856
215031403,Robinvale,3709,3778,3815,3809,3818,3837,3776,3724,3689,3671,3609,3572,3543,3470,3412,3382,3484,3598,3702,3769,3749,3687,3753
215031404,Swan Hill,10077,10075,10067,10095,10088,10090,10228,10333,10516,10536,10610,10780,10888,10959,11022,11079,11153,11216,11264,11278,11173,11032,10948
215031405,Swan Hill Surrounds,7254,7228,7198,7119,7086,7039,6976,6900,6853,6754,6649,6627,6579,6518,6466,6442,6433,6427,6442,6453,6460,6521,6512
216011406,Echuca,12544,12806,13167,13244,13651,13848,13961,14085,14175,14278,14367,14447,14567,14685,14776,14888,15030,15153,15293,15437,15591,15629,15585
216011407,Kyabram,11000,10964,10871,10835,10832,10819,10834,10816,10823,10855,10871,10905,10956,10987,11001,11034,11067,11055,11096,11134,11057,11002,10952
216011408,Lockington - Gunbower,4370,4354,4274,4274,4240,4221,4139,4100,4056,3935,3814,3834,3840,3838,3837,3855,3860,3872,3850,3863,3910,3968,3944
216011409,Rochester,3687,3693,3682,3668,3675,3685,3747,3800,3839,3872,3876,3886,3893,3891,3887,3895,3923,3941,3949,3973,3988,3960,3792
216011410,Rushworth,4429,4420,4383,4356,4334,4326,4284,4263,4240,4200,4129,4133,4119,4095,4084,4076,4070,4079,4094,4129,4168,4159,4187
216021411,Cobram,5747,5812,5847,5854,5926,6037,6048,6153,6203,6287,6305,6336,6367,6388,6399,6420,6445,6459,6457,6481,6440,6498,6662
216021412,Moira,2776,2756,2737,2700,2681,2724,2707,2683,2655,2627,2582,2585,2599,2600,2613,2623,2653,2681,2727,2785,2832,2849,2834
216021413,Numurkah,12397,12410,12396,12381,12391,12425,12457,12481,12451,12436,12386,12409,12422,12418,12420,12422,12447,12473,12497,12524,12502,12510,12467
216021414,Yarrawonga,5484,5459,5603,5749,5971,6291,6491,6651,6831,6981,7133,7345,7517,7694,7856,8021,8172,8297,8418,8508,8593,8727,8812
216031415,Mooroopna,7727,7780,7841,7797,7771,7808,7841,7939,7983,8001,7939,7961,7975,7995,8010,8033,8101,8196,8303,8340,8309,8295,8110
216031416,Shepparton - North,16027,16289,16439,16500,16474,16523,16592,16762,17033,17293,17620,17930,18204,18560,18810,19007,19343,19653,19938,20099,20037,20117,20157
216031418,Shepparton Surrounds - East,4206,4173,4146,4090,4054,4015,4009,4034,4031,4001,3973,3948,3924,3902,3895,3897,3930,3956,3984,4011,4010,4027,4061
216031419,Shepparton Surrounds - West,9964,9960,9963,9868,9848,9847,9887,9970,9995,9993,9995,10060,10136,10192,10241,10279,10313,10327,10343,10360,10329,10383,10394
216031593,Kialla,4224,4361,4536,4686,4862,5075,5337,5607,5945,6261,6405,6625,6808,6991,7213,7407,7703,8064,8454,8758,9067,9477,9733
216031594,Shepparton - South East,14857,14878,14878,14745,14615,14690,14869,14996,15302,15513,15607,15840,16001,16086,16128,16261,16370,16433,16513,16706,16573,16476,16494
217011420,Glenelg (Vic.),9303,9280,9254,9228,9254,9246,9201,9205,9171,9068,8922,8879,8842,8794,8765,8778,8797,8820,8837,8852,8872,8872,8839
217011421,Hamilton (Vic.),10266,10300,10326,10353,10375,10334,10386,10388,10378,10344,10225,10186,10143,10106,10080,10081,10127,10187,10254,10348,10286,10224,10310
217011422,Portland,10746,10746,10748,10752,10768,10804,10800,10812,10812,10856,10894,10906,10917,10922,10919,10943,10997,11067,11150,11198,11183,11175,11181
217011423,Southern Grampians,6728,6699,6688,6636,6634,6635,6638,6626,6604,6495,6437,6378,6312,6251,6184,6143,6149,6171,6189,6220,6266,6233,6213
217031471,Camperdown,3661,3658,3622,3599,3583,3566,3531,3515,3529,3506,3477,3490,3503,3509,3516,3526,3545,3561,3540,3497,3471,3454,3410
217031472,Colac,11432,11446,11524,11508,11543,11519,11583,11655,11759,11888,11981,12063,12160,12245,12337,12450,12553,12651,12719,12775,12698,12627,12640
217031473,Colac Surrounds,5829,5770,5746,5733,5708,5663,5632,5641,5605,5520,5419,5408,5403,5392,5381,5381,5420,5475,5529,5600,5645,5612,5665
217031474,Corangamite - North,5742,5714,5640,5626,5596,5576,5552,5523,5530,5496,5467,5456,5449,5442,5434,5432,5413,5359,5342,5359,5360,5349,5322
217031475,Corangamite - South,7914,7880,7780,7754,7700,7683,7627,7567,7513,7509,7534,7494,7432,7366,7306,7274,7269,7261,7239,7200,7146,7143,7164
217031476,Otway,3452,3479,3511,3511,3492,3459,3489,3501,3490,3460,3420,3456,3497,3519,3538,3556,3635,3710,3802,3911,3979,3974,3983
217041477,Moyne - East,6718,6704,6676,6643,6638,6652,6606,6631,6703,6739,6779,6764,6749,6734,6716,6709,6717,6746,6798,6883,6990,7046,7132
217041478,Moyne - West,8317,8387,8450,8487,8517,8601,8694,8792,8878,8965,9024,9167,9300,9383,9467,9603,9686,9783,9845,9859,9967,10098,10148
217041479,Warrnambool - North,17053,17449,17726,17937,18172,18528,18877,19107,19369,19634,19879,20253,20612,20930,21217,21442,21688,21954,22184,22416,22470,22586,22762
217041480,Warrnambool - South,12506,12578,12639,12697,12748,12792,12839,12903,12965,13057,13141,13146,13157,13154,13150,13173,13199,13226,13264,13346,13298,13323,13476
